8011019710, 346545733014127, Carla, Sheppard, 1990-02-10, 438882350784
6790403024, 3518152160915706, Jaclyn, Stone, 1982-03-24, 347776380945
9472213357, 3547700031748568, Danielle, Ruiz, 1987-07-04, 526426169090
1056458716, 347223914700588, Kristie, Henry, 1959-09-15, 383952428392
1028007120, 5395351866032237, Lisa, Smith, 1973-11-03, 389654813660
3316534948, 377726981976041, Shannon, Bryant, 1936-12-17, 226333575231
2558822513, 3592799264941498, Kelsey, Payne, 1997-06-07, 972424717810
4804194265, 3557263982431855, Ashley, Gardner, 1970-11-30, 189932389798
6692449655, 3561104445052090, Sherry, Dodson, 1978-08-22, 359048776675
4740820720, 4446738288423, Denise, Allison, 1936-08-05, 917830411951
5615186299, 6011404178999460, Tracy, Wong, 1987-06-05, 168711318941
6073948191, 3546057172638376, Tracie, Combs, 2000-06-10, 686609197599
9920093484, 6552622986579647, Nicholas, Sullivan, 1952-11-08, 503670359122
4899500485, 213108162966950, Alexander, Mccormick, 1963-06-23, 229049828221
1811104293, 4287769736945524, Mary, Galvan, 1999-01-06, 639737385809
612499138, 3539581512377691, Deborah, Trevino, 1989-10-18, 675613664263
8614441818, 3588871606212940, Jeffrey, Cervantes, 1949-12-24, 728093614918
515045230, 213116169663736, Sarah, Blake, 2001-05-12, 841401789483
1835803055, 4774905484153470784, Sherry, Smith, 1969-05-09, 63219183627
3820299188, 5402061319529371, Steven, Gardner, 2000-06-24, 74683640748
715130668, 213128326531805, Jessica, Sawyer, 1984-08-21, 361231015236
2953579410, 4188445016271481, John, Payne, 1995-09-25, 347974572807
2989349473, 676105904525, Sara, Cook, 1983-05-31, 787821901635
1652589570, 4680808627613599231, Rebecca, Becker, 1983-09-12, 961656124437
6168238997, 344251822476325, Susan, Browning, 1974-06-18, 889811831199
2662827192, 30585838160830, Kyle, Cruz, 1960-04-05, 122555104403
2075723915, 503892963037, Donna, Young, 1951-09-03, 526683884736
1090703273, 4749703020790, Brenda, Oconnor, 1973-07-05, 55037742727
3534200153, 675924586992, Erin, Warren, 1989-10-27, 209011655166
1053096105, 3561243562775842, April, Jones, 1951-06-25, 825554882263
8981939323, 4907487946823176068, James, Wood, 1952-11-15, 845738690015
2578144037, 4895813879010446980, Andrea, Davis, 1967-11-29, 561405526022
5854887272, 2234810280380482, Jennifer, Hines, 1951-12-11, 461694520142
4849075841, 3531605918183326, Lindsay, Clark, 1990-07-13, 415764238714
9569328311, 3551317115240835, Daniel, Richardson, 1970-03-05, 596087359262
2351412338, 6546563332603138, Lauren, Phillips, 1954-09-15, 163143267193
1547421515, 6011945855372033, Martin, Garcia, 1955-05-12, 548840653757
6241175315, 3528333447699366, Roberto, Hicks, 1932-06-08, 877126718404
6309589386, 4063234206544521, Cynthia, Adams, 1986-06-19, 555859334196
1185770933, 341449508569487, Amy, Noble, 1951-10-18, 364169596438
6893996404, 30227110957308, Sandra, Martinez, 1998-04-30, 938737932572
2564801950, 4146941473024, Mark, Dougherty, 1990-11-03, 595720428565
5660561734, 675938970778, Jennifer, Ortiz, 1934-02-16, 37040827869
1432757408, 4579238540767588, Nicole, Smith, 1964-09-18, 618646841104
2746481421, 4763122592420, John, Farmer, 1979-07-25, 534131463426
9115054151, 3517696982064375, Alison, Lane, 1998-07-24, 661235427414
1678807188, 3513704336175113, Kenneth, Parrish, 1986-01-11, 442914054853
7250977721, 3586131013065254, Brett, Snyder, 1972-01-01, 344287527232
2900715360, 30071772380262, Angela, Farrell, 1961-03-07, 12202436839
7945505538, 346672308334886, Richard, Lawson, 1995-01-27, 170607687575
7779929643, 4791356294185966057, Sarah, May, 1968-11-13, 595980357109
3110439558, 3544579817306699, Sarah, Christian, 1941-09-12, 588044200763
919300188, 4622871161855252394, Juan, Palmer, 1930-03-13, 992212323115
7082919394, 3530303803963728, Kenneth, Gilbert, 1932-04-11, 156029671608
9065973723, 180001799405543, Javier, Lee, 1978-06-21, 468575200126
3260887499, 3565886009927719, Kristin, Warren, 1990-10-20, 625887981178
3827008261, 3516617626213419, Kevin, Bennett, 1988-09-14, 419830570663
3168940070, 30118673677898, Alexander, Roth, 1965-04-15, 462788893791
4813560957, 4641829119422599, Jennifer, Paul, 1987-01-21, 439354610346
4789841306, 3531475676516111, Jennifer, David, 1964-07-24, 698564173591
4294506178, 4313716651068660545, Sharon, Fletcher, 1975-03-08, 271537631529
3352543524, 2276544211711668, Jessica, Howard, 1984-09-24, 902523778836
1029013613, 4829535268718152502, Nicole, Elliott, 1965-11-22, 333367706027
4450923059, 4510658482601630, Katie, Smith, 2000-04-13, 556400904667
303250879, 372776652429395, Tonya, Medina, 1969-05-15, 287001561511
6408728618, 060413431283, Felicia, Dunn, 1931-02-06, 847635322458
427584765, 6011713618669057, Jennifer, Smith, 1964-10-17, 997898740967
8896759745, 4840628330226644738, Steven, Stevens, 1985-08-11, 514986686738
2877232115, 4949994634781860836, Cynthia, Phillips, 1992-07-08, 729264347218
7250786285, 2293896767993721, Richard, Fischer, 1998-02-10, 936995656310
4655763194, 3553123178778614, Spencer, Atkins, 1969-11-29, 984998546565
2323865999, 3504053348051487, Daniel, Lee, 1990-12-01, 359278167312
8361339186, 4604743246697970, Jennifer, Carlson, 1952-01-14, 411249216386
3806278578, 3565360157990143, Candice, Wiley, 1995-03-26, 83665630344
6544062939, 4570040680040092, Raymond, Fisher, 1995-01-23, 415348577079
862626021, 346752582650759, Ryan, Arnold, 1938-07-27, 261186512015
1628109498, 4684277826877291, Nicholas, Nelson, 1975-09-19, 518358276858
8513053877, 2439570712583623, Michael, King, 1944-05-05, 509749814076
6182475371, 639056006443, Robert, Oneill, 2000-07-19, 623632640886
4339639370, 6011507459732721, Jon, Shelton, 1984-01-23, 315852668479
8944410039, 4572730432878843, Anna, Hall, 1958-06-07, 893477414454
279637934, 6583925933046658, Andrew, Moyer, 1997-08-29, 664381767535
1312462282, 4787894917779370, Joseph, Maynard, 1968-04-30, 768189628790
8089535188, 639012102385, George, Fuller, 1997-01-17, 657951583473
9626109525, 4976133290573766, Catherine, Collier, 1965-02-21, 998079493983
4242577843, 3550433439637712, James, Sellers, 2001-06-13, 494429385902
9187184562, 3594547763673262, James, English, 1982-04-05, 975728397688
4938470665, 30478005493137, Michael, Abbott, 1953-04-04, 992265645411
7510151113, 6588724366053215, Ashley, Baker, 1986-03-22, 859889149632
4687518273, 213127463777577, Katherine, Price, 1951-09-16, 813649936301
4825479816, 213113033910856, Jacob, Thomas, 1952-10-19, 336324076215
1355571873, 3573768371511943, Donna, Willis, 1962-02-28, 843110560320
9210596906, 30330412000924, Mark, Bush, 1996-07-24, 845415956476
5308444847, 4958897487984450403, Nancy, Anderson, 1965-04-03, 621911906161
1918210448, 372860304357053, Nicole, Harris, 1995-03-21, 116607430075
7876200210, 4160725013351, Erica, Martin, 1968-06-04, 940071864402
8279842574, 3531688892111216, James, Ray, 2001-07-18, 452875589374
8975636073, 377496668371078, Amy, Bautista, 1998-10-11, 800571903909
9749792469, 348977507673085, Jennifer, Barnett, 1963-10-23, 754919961159
5620166632, 4056305683110, Amanda, Shelton, 2002-09-17, 162891072128
7209369955, 4020759119242872, Christopher, Clark, 2000-03-30, 269280754116
281661216, 343832153672722, Hannah, Price, 1994-04-29, 191050992670
6285487782, 345594182531976, David, Vasquez, 1954-05-03, 592133087078
3992179568, 30138718973813, Timothy, Rodriguez, 1984-01-02, 17338757711
9388631148, 378985350660219, Mackenzie, Medina, 1970-10-03, 913167922959
9881382016, 3531265157551418, Amanda, Gonzalez, 1985-09-18, 777307710714
4741572466, 6500260440720185, Kylie, Richardson, 1965-10-08, 138589426885
2935368990, 583511446929, Cheryl, Figueroa, 1928-11-05, 694596026150
6828932688, 503821895581, Gabriella, Johnson, 1945-12-15, 507287335851
8799754765, 213142156402342, Ashley, Singh, 1928-12-02, 249469839035
7001168159, 4043485589728884, Tammy, Holloway, 1989-07-28, 640685502329
3415273874, 6510018921883080, Rachel, Crosby, 2001-09-11, 840477491610
6180714304, 639076605240, Jessica, Burke, 1970-01-02, 352856765881
968171586, 3532570392479971, Charles, Jackson, 1979-05-22, 885636802587
4161941886, 2554154281420472, Angela, Simpson, 1940-12-11, 97278749670
2668108117, 4824902777564850, Alex, White, 1983-03-25, 929342403688
5564835921, 180055090750916, Eric, Ayers, 1956-01-14, 529777389790
698556916, 375315178505235, Roy, Gallagher, 1981-07-31, 830309054892
2120095215, 3511488458850966, Kelly, Hernandez, 1979-11-20, 346920970700
1662646534, 30366557076394, Paul, Thomas, 1958-12-20, 119813452889
3420359373, 3591987763778724, Cristian, Madden, 1959-10-02, 987474147543
5667914751, 4701376403108770, Brittany, Guerrero, 1936-05-21, 504490492684
7766619300, 6011332843111155, Kristen, Jordan, 1951-06-29, 832136767936
24572652, 3593048405894847, Sonya, Brooks, 1990-11-24, 769707533939
1565934021, 345629432558302, Susan, Humphrey, 1979-07-04, 27348472811
4101910910, 676208256609, Steven, Ellis, 1995-03-03, 59171583882
5483604370, 4899336659876, Karen, Ford, 1969-05-06, 552789272548
68606708, 4803829871045475, Charles, Moore, 2003-01-16, 635278654661
3184398021, 6572340906284117, Rodney, Simon, 1974-11-24, 532404661602
1518421628, 30368454346672, Tiffany, Bradley, 1995-12-25, 743318184024
3238158145, 213132301080481, Timothy, Carpenter, 1989-02-21, 571450888992
3819019955, 38021729331225, Curtis, Krause, 1953-12-17, 241087701665
4868632217, 2225215107169996, Matthew, Gibson, 1983-08-02, 381126693318
6644666038, 4510250830288404032, Thomas, Rodriguez, 1995-04-05, 545613053230
3267708809, 4109755503601750, Robert, Rodriguez, 1964-06-17, 966495615871
8709285494, 6547549647868937, Karen, Davis, 1967-12-13, 904435143017
7831016761, 213185013577004, Alan, Chandler, 1976-04-05, 462626987215
6951338286, 4308497416079233, Andrew, Rodriguez, 1955-04-20, 898965587208
1216931383, 346484177926184, Thomas, Norris, 1962-11-26, 518741207127
3103307455, 30378350270504, Tina, King, 1997-02-14, 700739087179
847287036, 3595710311480346, Samantha, Finley, 1995-10-23, 533544405379
2682200233, 213128257143687, Christopher, Wright, 1980-09-26, 150938657464
8784614371, 6595849226687422, Norma, Maxwell, 1989-05-22, 389361270141
1461715103, 2709667640085235, Andrew, Phillips, 1960-11-04, 552249255169
5939274816, 3592278336401088, Kiara, Rivera, 1942-05-13, 459041571783
2037974852, 4861320788902262, Scott, Burns, 1929-03-28, 778191226094
7473814184, 30264638695847, Eric, Andersen, 1989-07-05, 301961910470
9780370602, 2716121286196220, Matthew, Russell, 1994-09-23, 164359811279
8926730262, 30586617903648, Rebecca, Curtis, 1938-08-02, 470801828691
3518801445, 4168132860031674, Bonnie, Anderson, 1946-05-22, 862988612466
2340439484, 4580932972844, Matthew, Freeman, 1995-02-19, 608425776482
543762138, 2522603395087477, Stacy, Dennis, 1929-06-15, 665591971822
5838118939, 30326316746539, Katherine, Hays, 1951-09-18, 599246828380
5242679382, 3580884516220976, Sarah, Oneill, 1955-05-18, 554900209210
1688873235, 501813488910, Amy, Smith, 1962-04-06, 143210597579
9544729342, 4085806610868135, Emily, Walter, 1965-08-07, 142138572146
416695475, 4658277172535586, David, Sutton, 1979-03-30, 697279940514
7809571396, 4619651621096705, Rita, Smith, 1962-07-25, 299324044586
8306365806, 4700388078491241179, Troy, Hill, 1957-01-04, 379870496796
70328499, 30223042803355, Ann, Downs, 1950-10-02, 297883961293
9296528174, 180044066983560, Andrea, May, 1993-05-17, 410802848065
6679413203, 30014115946233, Thomas, Rice, 1949-10-04, 595744621400
6211045420, 4997942237119, Sophia, French, 1972-01-21, 57959981880
5491491350, 3572076010551341, David, Short, 1942-12-14, 705252963714
38214681, 180095020581957, Ryan, Torres, 1965-06-07, 401892223822
2857675732, 30362140093178, Amanda, Ware, 1971-02-12, 218311998216
6750500282, 3540753462970547, John, Bell, 1964-11-25, 594914839857
2604852139, 374689763716576, Joseph, Tucker, 1975-08-31, 785045652242
4492115238, 4998379363995683, David, Nixon, 1971-03-03, 365223019440
370205058, 4996338613210113, Amy, Smith, 2000-03-14, 60462654376
8398540355, 3532336449518405, Rebecca, Long, 1997-01-24, 322731054798
2887828585, 4755683230125360877, Mackenzie, Snow, 1986-03-20, 238485558120
7183251906, 4408993828918850, Malik, Terry, 1970-11-17, 250802852344
1849217491, 38268851777655, David, Horton, 1948-10-29, 778667742402
65709460, 3584765116910452, Michelle, Chapman, 1955-09-02, 926942416102
4924410865, 376942864003644, Jeremy, Moore, 1991-10-03, 650848979535
4755620671, 6568195452042517, Mary, Stewart, 1928-09-18, 241675692752
6263413930, 4512161107778758, Courtney, Ray, 1947-12-03, 963769283741
5429248576, 4206070265995, Charles, Love, 1973-03-09, 204105894322
825010998, 6011406369440121, Jacqueline, Wilkinson, 1971-10-30, 356296273496
5543484444, 4951289113789, John, Flores, 1992-02-20, 972308041010
7059791606, 213147045048685, Christina, Kramer, 2002-04-17, 571814646724
3446676401, 2711825903702427, Tiffany, Sanders, 1989-08-15, 112698834280
283458873, 2278300635621803, Kayla, Simpson, 1982-10-16, 265499215418
1806689122, 213103653394226, Jessica, Wong, 1970-03-03, 219940543430
1247039863, 180069793299881, Sarah, Walton, 1978-01-09, 793884356917
1826191642, 213110772907895, William, Austin, 1995-04-06, 816217804258
4664861307, 3503092674694248, Kristen, Schroeder, 1970-01-12, 968835071673
1950567724, 6564778202557472, Tina, Waters, 1950-12-06, 474228882654
8731713132, 4243444727020, Michelle, Christensen, 1931-01-05, 827387722674
6347826300, 3507450436926041, Matthew, Hill, 1979-09-27, 864528784017
7981283778, 213196045441895, Rebecca, Lewis, 1983-03-06, 926244104674
7488851219, 3537732303212272, Michelle, Flores, 1987-12-14, 323045174519
5176121493, 30039344247137, Daisy, Flowers, 1966-11-09, 462364303570
734915711, 30485314474567, Jill, Morales, 1990-05-27, 623093262822
8464782232, 4498062572715812, Deanna, Horton, 1983-05-20, 987856385790
8204000584, 4782088314273625, Joshua, Lyons, 1972-12-12, 459604159094
38048770, 349520843628949, Brenda, Beard, 2002-08-15, 198107355013
7340722786, 4267311981337, Theodore, Garcia, 1946-07-27, 821116882675
4994855238, 213128879402768, Crystal, Mccormick, 2002-06-26, 450094928942
9568025608, 4747558093905849, Edgar, Dillon, 1938-08-15, 87032121244
822993581, 4073101327133588804, Bill, Zamora, 1958-12-16, 697213970224
4230939994, 4731638605457030, Troy, Taylor, 1959-10-06, 858687412
3927577398, 180058388912420, Jesse, Rodriguez, 1930-03-23, 350316796817
901602904, 3526190145774145, Rebecca, Flowers, 1980-06-20, 77714591262
4535919781, 3503748901431452, Deanna, Marshall, 1966-02-05, 155098383703
2474971127, 4714197070265320, Joseph, West, 1953-06-23, 469147205297
6251729795, 4142699197120223, Sarah, Barnett, 1972-08-13, 85074193776
4368000585, 3591107656023233, Karla, Dean, 1962-02-08, 384093879293
1569623250, 30291286617153, Angel, Orozco, 1969-01-21, 403369868923
9895490362, 180009813586313, Megan, Cochran, 1971-10-06, 801766476050
9655818679, 2258852943309566, Tiffany, Perkins, 1987-07-09, 509200535272
2547112070, 4552277158941, Sean, Owen, 1958-09-13, 469604717876
2140873113, 6011142665002378, Amy, Petersen, 1940-04-04, 370241413616
132363774, 4975960489563317249, Savannah, Williams, 1938-12-20, 663993205744
4745182061, 4871070456008714, David, Martin, 1960-03-05, 199914095809
6948809602, 3596716359746802, Kylie, Lopez, 1968-07-22, 741242094580
8959180887, 30377003734973, Kathryn, Carroll, 1997-04-06, 700796398441
5710144550, 4463209380340, Justin, Wells, 1999-09-10, 302034498742
8051161831, 3517718127555081, Meghan, Curtis, 1935-02-06, 123748319776
2500025302, 4571303418355078381, Jermaine, Larson, 1963-09-13, 636416719844
7740306222, 4208211940122, David, Griffin, 1927-05-05, 20545857257
2364192017, 4709933738355, Katelyn, Hernandez, 1964-12-27, 813560450439
9853107535, 4005676619255478, Valerie, Perry, 1985-05-31, 696521785560
4847999531, 5329171799310539, David, Davis, 1991-05-15, 327376943726
791324798, 3544339869250349, Lori, Williams, 1966-03-21, 140533784654
9633034026, 343861515523091, Victoria, Vincent, 1970-02-06, 995208153282
9624198271, 2340729390135985, William, Garcia, 1963-02-25, 46117227884
7033622986, 370002560485888, Tim, Moore, 1987-12-19, 384249483653
5567733607, 3581680721222735, Laura, Mccall, 1938-07-03, 360665398830
4730651651, 3584900253713688, Kathleen, Matthews, 1963-08-13, 473302490288
9845406927, 372498750363638, Scott, Gardner, 1990-06-02, 106358743550
8231844978, 180095114379631, Donna, Lewis, 2001-01-05, 283780684230
8264548428, 6011364285796003, Kristy, Brewer, 1983-11-02, 377529997026
7232728732, 30122527816512, Norman, West, 1983-03-21, 251354974173
8593661291, 503809626610, Janice, Baker, 1938-02-15, 26832027819
9022901318, 6553879239169993, John, Morgan, 1998-07-04, 877656020598
3660414335, 4428949801688294259, Jamie, Lane, 1975-11-28, 948541704677
8027452328, 3535823017186753, Carolyn, Sullivan, 1990-06-27, 866266096827
8393735437, 30348600178021, Kristina, Garner, 1961-11-10, 636495164771
1861254196, 4270147418331553, Stacy, Robles, 1957-07-02, 92568813319
5968177583, 379932849224396, Anna, Wiley, 1989-07-01, 709233253055
2332676191, 060414771034, Jeffrey, Blake, 1974-02-03, 188551861440
6617396906, 502071128404, Diana, Johnson, 1996-06-21, 439690807093
9126286733, 3505300241157799, Kent, Stevens, 1973-09-21, 274682196690
9238747689, 30067628149000, Lauren, Mason, 1979-05-14, 228115991628
4323675800, 4353186558221497, Jerry, Rivas, 1978-01-09, 723445085382
7094869297, 6573781680133831, Connie, Hester, 1971-05-18, 890811338394
1426010322, 4026961168946, Shannon, Stevenson, 1975-03-14, 137791324748
5071771138, 675946077384, Joy, Riley, 1971-02-22, 684601422428
8431682294, 4086213050391, Emily, Duarte, 1986-05-03, 703575575411
8731284997, 2293150618107895, Penny, Gates, 1984-08-30, 668940271226
1212657854, 213129681365656, Veronica, Barnett, 1960-07-11, 491616657073
3401716207, 6011188489588803, Mark, Reyes, 1954-04-25, 418952829244
5628080510, 372337645214855, Scott, Williams, 1981-06-13, 228951470271
1202957669, 180038171572482, Erica, Romero, 1977-06-24, 73888746587
135200945, 4777707322841209, Troy, Johnson, 1967-03-18, 411022764423
3533188032, 3504441851378274, Laura, Reynolds, 1942-12-31, 960291213413
7105735241, 38636705931597, Brian, Hoover, 1970-10-05, 480010863609
4522765318, 3530474520370727, Cory, Green, 1966-09-19, 447807958055
7762935740, 2279563508500516, Cassandra, Lucas, 1960-02-26, 523718270607
2523545232, 4373425324377043, Desiree, Jackson, 1966-03-11, 309858747326
4576568525, 4231159372047842, Darren, Williams, 1994-06-27, 910715380749
7438766433, 370673055486753, Karen, Cooper, 2004-06-15, 895585559976
5705734418, 4014655919705549380, Sherri, Ellis, 1949-09-14, 566310910026
5972340701, 30381543642217, William, Wilson, 1963-02-28, 718804309961
6477770385, 348613437911895, Luis, Harmon, 1969-03-23, 340645055425
2498748280, 4854487211694090862, Curtis, Clark, 1987-04-08, 710857183458
1444219545, 3565686300379523, Sonya, Armstrong, 1939-04-09, 840903117960
9835593020, 4202057153259690, Gregory, Hernandez, 1929-06-13, 7904549965
3153555762, 4020934933171, Jessica, Manning, 1984-03-12, 455544052006
5655468149, 3547306742300275, Robert, Moody, 1926-12-08, 54498154995
3456797482, 4037175473794104, Christina, Haynes, 1992-04-21, 590178509403
5103291801, 4626550450703657, Adrian, Wilson, 1930-07-03, 676546249572
9883740374, 3539220938259304, John, Huber, 1995-11-21, 902295535404
2022024671, 4305683579253, Derrick, Bowman, 1961-03-28, 222345047508
282492775, 639073652203, Vickie, Booker, 1991-03-30, 601859016637
3104094895, 4334156033682864, Laura, Harrell, 1976-08-30, 945764744554
8226890350, 4650658121787402, Russell, Sandoval, 1996-04-12, 551630665956
269031961, 4184446674069, Joshua, Foster, 1991-03-10, 38740631127
7290418075, 4754202741215026, Adam, Ramirez, 1958-10-13, 877102651722
9595642846, 4092555897067975, Terry, Harrison, 1982-11-18, 652868571415
8204866127, 4080561969939665, William, Warren, 1993-12-08, 175601282469
949526374, 589860279019, Helen, French, 1959-05-29, 426898943834
28315728, 4339321062848357, Lisa, Thomas, 1967-02-06, 173056373424
5700887451, 3573812148437931, Darryl, Sanchez, 1981-12-24, 584165372892
4982898963, 30059644493603, Alyssa, Smith, 1959-08-26, 460570948617
6327364502, 2292825956055746, Jessica, Martin, 1992-01-24, 803568931515
8401541775, 589903137679, Andrea, Armstrong, 1947-03-02, 642254145088
7552441021, 060475240457, Cheryl, Smith, 1976-01-16, 171689206235
6916411968, 4833360942698708, Jose, Hall, 1947-07-18, 299044776839
3343761992, 3574101527683268, Steven, Smith, 1989-05-03, 862555316826
8245136120, 3588323571326099, William, Jones, 1960-01-25, 68610865350
5726093449, 3561775692305396, Dawn, Huff, 1928-02-27, 512854172566
2769577145, 180087980418098, Monica, Howard, 1977-01-04, 811775687120
4381543602, 676342973986, Brenda, Smith, 1998-07-12, 260276019761
2963988921, 4738693722047225, Jessica, Torres, 1978-06-22, 319189914190
2396305185, 060451243186, Dave, Deleon, 1950-08-04, 63525868537
8350845185, 2703582278573673, Leslie, Lopez, 1985-11-26, 657757289308
3943554733, 6011449516605782, Robert, Lambert, 1975-07-08, 106485480867
5485190665, 560459305093, Jason, Levy, 1967-11-05, 603059470187
6950662727, 2704182349189507, Brittany, Wilson, 1987-06-10, 65724592017
3558822225, 36687950227407, Edward, Nelson, 1963-06-08, 86718115205
3384390069, 4177184307824683782, Laura, Williams, 1947-02-01, 467749459315
8247111372, 4443769451261280, Travis, Myers, 1959-06-10, 116667801178
1771894794, 371624538247295, Susan, Nixon, 1997-03-05, 543263088886
4467795837, 6512100554922621, Patrick, Turner, 1991-11-23, 696641446978
8695704540, 4783995919201849523, Maria, Roy, 1959-10-14, 409653160024
3108238854, 3591562827002120, Christopher, Johnson, 1982-11-26, 742075903470
7289124411, 4502947883241454, Rachel, Adams, 1957-12-01, 949681960094
3132907090, 6566817747779403, Robin, Williams, 1985-12-29, 80867120214
360113915, 4102633786132, Timothy, Davis, 1986-05-10, 571468329728
7508873656, 4070179572754, Justin, Bruce, 1964-12-12, 193744135684
4101487080, 3565246267766418, Nathaniel, Bernard, 1953-11-05, 770639333913
1832321378, 3529312640908005, Amanda, Bruce, 1929-05-31, 689437490183
6589520477, 4663533056310592, Leon, Price, 1971-09-22, 326144188596
7864061679, 30162802112666, Cynthia, Morris, 1972-05-19, 302943677234
6654435710, 3523572491519963, Caitlyn, Torres, 1992-11-18, 695726465341
9046839594, 377174660313691, Christopher, Moore, 1996-07-22, 674192944670
1426650668, 4840899323164689502, Diane, Contreras, 1930-11-01, 233321673778
1538327524, 38439381468871, Jose, Smith, 1966-11-01, 415526561173
9177742222, 4412384313870640550, Sheri, Thompson, 1976-06-17, 995752935693
4918085392, 4208002679768984, Amber, Saunders, 1964-11-26, 839880718549
4089149819, 2709351727298306, Anita, Newton, 1960-06-18, 992181399846
2690237239, 2249828368505088, Thomas, Bridges, 1969-12-20, 183061384899
1801989770, 3547742202009883, Miranda, Mccullough, 1962-11-28, 851012186110
9195463323, 4850472209752546, Robert, Brown, 1980-05-22, 452124188771
485120976, 2229500327645644, Michael, Torres, 1944-06-22, 960219405061
5154596388, 4484992333985930, Nicole, Castillo, 1994-09-25, 160846081734
4394383944, 676225230298, Kathryn, Herrera, 1988-03-26, 514260849420
4495658470, 4474511467170671156, Steven, Fisher, 1947-09-13, 178799491308
7592423066, 213151770637431, Katrina, Davenport, 1980-09-13, 703974663754
3359033707, 180026171014118, David, Smith, 1989-09-29, 474464597319
6192745548, 180037313037784, Peter, Adams, 1941-08-02, 486797485881
7616891810, 2287926772399941, Bryan, Kelly, 1959-10-28, 882978006178
2171426288, 2223600595898242, George, Willis, 1958-09-08, 109541629903
131667351, 3566334517629120, Sarah, Bryant, 1986-11-10, 541724033294
1437054850, 4114563728080856, Aaron, Cook, 1954-08-17, 542884035898
3247863424, 4422288928387987, Stephanie, Grant, 1987-12-10, 31651227521
2497779845, 213198097810282, Matthew, Anderson, 1988-02-28, 326634980263
2352356735, 340742919678561, Dawn, Pratt, 1992-11-22, 814493434688
6384180854, 4743679432046295, Jeffrey, Henry, 1970-12-19, 428411136375
8508935844, 4716598779913904, Jeremy, Murray, 1981-09-14, 281045583886
49321340, 3590257105697326, Bridget, Adams, 2001-05-05, 282299974942
4843522641, 3545756737538044, Alicia, Herrera, 1928-12-28, 799142062163
2316302731, 4903750083293902, Jennifer, Morton, 1958-09-19, 415577359318
444072154, 4838922005342, Chad, Adams, 1994-08-16, 374021689958
305683549, 6528255376592697, Jose, Meyer, 1967-01-31, 997769322918
9932344201, 3587975126707775, Sonya, Carrillo, 1959-03-15, 533360774580
8348314049, 6011221521450565, Mary, Walker, 1930-05-21, 871888451707
9060896785, 346076714260885, Amanda, Orozco, 1985-01-11, 270951955244
5966691923, 573209598560, Brandon, Johnson, 1989-02-10, 838275287785
9285972636, 6011962249783486, Cassandra, Patterson, 1978-08-22, 920033362656
7001597282, 6011334706461305, Travis, Campbell, 1996-04-18, 598823531920
6783591786, 341354871268644, Tom, Hayden, 1949-07-04, 610720880828
1692046578, 6511345743739409, Kristen, Salazar, 1962-05-02, 54615416784
2470344865, 4893518176925451756, Christopher, Carpenter, 1945-09-28, 261496133542
7588178982, 2250175232891658, Patricia, Jones, 1983-08-17, 385932002849
1587217330, 3501486593089468, Molly, Fisher, 1956-03-14, 725527770945
4632575325, 4781142011647382, Kaitlyn, Ortega, 1951-08-12, 257643596820
6700679280, 4556410417715811, Cameron, Estrada, 1961-08-31, 35615642620
4792474218, 3567754871064466, Christopher, Curry, 1983-03-16, 510407340149
2563682780, 4579525031287302, Alexandra, Welch, 1963-02-19, 67902664420
8020495402, 4694129397093, Tyler, Thompson, 1975-10-21, 471778117854
5337035905, 4571410914104239, Matthew, Wilcox, 1943-01-24, 93573712783
8051831986, 4713140975430350, Katherine, Hawkins, 1966-10-23, 500068889397
6950020221, 30433122080127, Jason, Robinson, 1991-08-20, 876116218497
359428197, 180051778935424, Keith, Fields, 1941-04-23, 527002905124
9117418285, 2398596903461450, Valerie, Webb, 1960-02-05, 716540875864
2768496910, 3552094904477592, Jeffrey, Davis, 1967-08-20, 593497685871
1931397651, 6011347182269687, Martha, Owen, 1987-12-15, 784540497222
263486308, 375985756039862, Devin, Mejia, 1955-12-30, 687549664206
114288266, 4103312059723913, Jose, Carroll, 1990-05-15, 55120833911
6706940492, 372949646679942, Jerry, Cole, 1956-04-22, 347078921055
4063134062, 3535548023299668, Brenda, Wallace, 1949-07-26, 768169682262
6950858328, 6011421101451369, Michael, Jones, 1966-12-07, 214187262142
5170009829, 502088932624, Angela, Villa, 1991-11-25, 971629580325
4383380567, 5458893039633114, Nicholas, Robertson, 1957-10-06, 142830049789
8468161679, 3535813775002995, Christopher, Wilson, 1975-05-13, 92766550030
7331250652, 374592721534489, Matthew, Hendricks, 1969-06-04, 706337453665
4413364399, 4885809327100461011, Brittany, Palmer, 1995-04-14, 46406275140
4500316899, 4653710008335420523, Darrell, Lindsey, 1989-02-13, 134177031023
6599991691, 5588313314851342, Marcus, Gomez, 1968-03-08, 309801439675
4143688798, 4880359191754255, Roy, Ramirez, 1934-10-27, 828651115855
6699894921, 4627939341111445, Erik, Cruz, 1958-12-30, 917162304892
4972841607, 30566327276824, Christina, Thomas, 1999-08-05, 978418445324
6479335983, 4067950912159, Nicholas, Stewart, 1959-06-26, 527214235620
4215433889, 4720454803694595, Natalie, Snyder, 1994-09-16, 229187501322
6550034403, 3561915719523239, Jessica, Carter, 1989-09-02, 596355843496
2906843680, 3516764572453134, Sean, Jones, 1987-06-26, 575877405838
6469712609, 3540865297670140, John, Scott, 1973-10-14, 848741870182
4161189645, 30296447006048, Robert, Sanchez, 1992-07-24, 555121230677
9930822281, 3544742554683916, Matthew, Harris, 2001-12-02, 968296946956
356926446, 4191335489139845766, Lisa, Smith, 1942-04-12, 443749905957
5799729432, 4821210547886876789, Allison, Obrien, 1953-12-17, 679168817882
1453940321, 4474505455240009, Alexandra, Ortiz, 1992-09-27, 853739158775
6593721682, 6011152401789485, Susan, Wilson, 1992-09-19, 934998694348
6450147274, 213154258399714, Matthew, Cameron, 1955-08-22, 69614473902
4852417981, 4230016285665130355, Dillon, Taylor, 1974-07-13, 787284590442
4571083462, 5387986509021780, Jeremiah, Valentine, 1981-10-10, 576113948253
6163094772, 213171865625489, Jacqueline, Thomas, 1961-12-23, 285561073642
4056754555, 2235909847096299, Lisa, West, 1962-04-04, 163675999695
3790275882, 4615371340984982, Rebecca, Todd, 1978-08-15, 576651019721
4181185503, 2716522480950595, Kristi, Curtis, 1954-02-06, 32089151814
4391847932, 4797069975342931688, John, Robertson, 1995-07-13, 423393766761
9298999523, 213165885815351, Michael, Moore, 1959-05-01, 285509942446
161865369, 3598605165544212, Jessica, Walker, 1962-03-16, 670183338351
1100331560, 4978667559473, Joshua, Lewis, 1977-05-22, 488591066704
6147518632, 3531361869125938, Nicholas, Lane, 1956-04-17, 245013761048
6723090545, 2535585780059325, David, Smith, 1958-06-18, 75267263365
4137417142, 4940544303350, Paul, Jones, 2007-05-06, 548150027623
9306271587, 6011094821147367, Katrina, Singh, 1971-07-28, 123622435287
4812612150, 30414015820910, Joseph, Rollins, 1969-11-04, 264412224596
6529529088, 346410582919480, Michelle, Ortiz, 1965-05-28, 658588191432
6545032876, 561730145399, Tammy, Ramirez, 1934-05-05, 659485301126
6346926216, 4280328314362094, Mary, Taylor, 1979-07-11, 89227704821
7597264502, 2314561697052007, Anthony, Richardson, 1996-01-06, 465157283219
8148554907, 4846477412640609, Ryan, Jones, 2002-04-07, 890812619810
5406487582, 4317476952881408810, William, Lowe, 1952-07-01, 73997302161
6896060600, 562783179871, Jonathan, Clark, 1965-08-05, 839708819604
6010022578, 180026781082976, John, Richmond, 1992-10-03, 933753806770
8201312221, 4967941498150414, Bradley, Ali, 1951-05-12, 16858252544
6675188227, 4312301245360109, Jessica, Jordan, 1929-12-06, 339280943882
5184394210, 374925915731117, Michael, May, 2001-12-27, 706510344536
5234734773, 30183012140438, Angela, Rodriguez, 2005-03-24, 797763323909
9554753993, 3534904791211263, Alexander, Hansen, 1962-10-28, 991165085974
7626121318, 6011542587225264, Robert, Clark, 1960-01-22, 384572656260
8248790498, 3500762402951747, Richard, Hill, 1968-10-06, 28247553243
5634029058, 2237255897340858, Dylan, Bailey, 1975-03-10, 987352205801
7303161367, 4859330067140611, Kristy, Mcdowell, 1966-03-20, 641083943517
9509507535, 4729609034160, Scott, Brown, 2003-03-09, 126465828541
5195537569, 3510787704970077, Michelle, Baker, 2001-02-07, 960310307084
9460057511, 6011381904860895, Bradley, Morris, 1996-08-18, 875854589874
4816878166, 180049400325246, Megan, James, 1927-06-13, 411637931973
7639660405, 4356793936515537, Deborah, Garcia, 1947-11-13, 153519987004
6283711587, 3570721443024836, Seth, Mathis, 1943-05-19, 957370164012
9841183891, 2479745690978182, Randall, Miller, 1971-12-05, 745261480980
7152755837, 6011254895433784, Noah, Mendez, 1974-06-13, 650277300926
3383761731, 30364452667623, Jack, Boone, 2004-06-21, 76493144637
4600365538, 3504205398633339, Carla, Young, 1944-07-20, 185743445082
4930561314, 3583931082233375, Chelsey, Smith, 1983-08-12, 278387937904
5621094316, 4432367479965843, David, Hanson, 1949-03-29, 13085956162
4121388056, 6524816857280849, Mary, Colon, 1971-07-26, 44375202860
5131607822, 341701070387890, Angela, Parker, 1955-04-18, 619794088652
6210628528, 4356287298911983662, Benjamin, Blair, 1954-12-14, 299786240852
253777429, 4470818539497521575, Scott, Carlson, 1991-07-15, 276597909025
1123339600, 4910942838300972, Samantha, Brown, 1976-08-09, 724008824570
9710663509, 6011255772633792, Rebecca, Burton, 1931-05-17, 796918791749
5349145623, 4817672881896, Douglas, Jenkins, 1966-06-11, 212705329962
128486427, 639020077942, Ian, Hayes, 1970-09-15, 653835882392
556260767, 4316486983714702, Nathaniel, Murphy, 1999-10-28, 723776009917
3369826513, 6011656838787169, Laura, Brown, 1959-02-01, 8998048526
2062712300, 4881581316903785, Kathryn, Kennedy, 1962-05-05, 771843226071
7366129578, 6011382441451099, Anne, Terrell, 1966-01-21, 747513612791
1338498698, 3546841350585412, Brian, Lawson, 1938-04-09, 876152788287
9305885241, 4526314936113838, Melanie, Hartman, 1991-06-15, 853165915775
8716135420, 343103254205725, Judith, Hernandez, 1929-05-30, 150084340704
2802097698, 345847258297991, George, Price, 1984-08-04, 183143664475
9710603832, 3577008307859454, Rachel, Armstrong, 1987-12-07, 29277296112
8720009563, 578561805966, Angela, Walker, 1982-09-17, 415303092450
3843567455, 4456246070511712, Eric, Williams, 1987-09-15, 688773089300
7257205462, 4785101067728047, Ryan, Cole, 1978-03-17, 293790702095
1102332058, 2703437629333063, Nicole, Barker, 1975-05-13, 820930687767
4681766631, 213164586720853, Joseph, Decker, 1972-02-10, 120365564423
3938586281, 503899905502, Adam, Mitchell, 2002-11-19, 457164850217
9274977253, 4717052785159960, Bonnie, Griffin, 1962-11-07, 138071584534
8610890409, 6528119505200293, Nicole, Cantrell, 1971-10-03, 822988653180
6430909080, 4476539988955880, Jason, Simpson, 1965-09-24, 367228552130
8733657554, 4790192114941860594, Holly, Salazar, 1979-03-04, 419525417603
2634405066, 4486325880015686, Jeanette, Vaughn, 1973-12-20, 451734391174
3027661622, 4986784183418637437, Thomas, Avery, 1945-10-14, 807557192487
2907839915, 4676818744676701, Richard, Walls, 1952-11-07, 116222935
8214778720, 3534443150658350, Nicole, Silva, 1965-08-29, 187533844416
7218844148, 2424071009538393, Gregg, Christensen, 1997-09-22, 229797674593
8452250598, 4528112305706366, Judy, Fisher, 1965-05-16, 812821824577
3849249226, 30087223969446, Joseph, Goodman, 1983-10-16, 296921311525
1866081249, 503848457894, Patricia, Bates, 1950-09-25, 663513374366
2319098576, 213181659020318, Angela, Ellis, 1956-09-29, 981411158517
9950671003, 6011773387659093, Nicholas, Mcmahon, 1982-04-19, 66188697183
6956957455, 373619940592757, Christopher, Becker, 1948-02-25, 946381677370
1135679482, 345312585826343, Richard, Klein, 1996-12-19, 331547456701
7094852257, 3559443601413207, Joseph, Kennedy, 1997-07-28, 198367430064
8783528397, 30065439639722, Jason, Long, 1948-05-24, 594356523291
4683208011, 564615949356, John, Yates, 1948-09-21, 877109875816
8175298684, 30279731881581, Jason, Foster, 2001-05-10, 298760099186
2475847943, 4191681477557205449, Matthew, Thompson, 1988-07-30, 783054310156
1757627513, 377864215382353, Mike, Matthews, 1973-02-11, 837155055361
6271748259, 213112896451594, Darlene, Fitzgerald, 2000-05-09, 762940468202
6404269432, 6011937274826608, John, Levine, 1977-07-27, 229748040722
8422218886, 341485089597042, Donna, Campbell, 1969-09-01, 485204158246
4107774895, 4623560839660927, Wendy, Douglas, 1953-10-15, 630074636249
7621112396, 4250717898384840441, Tina, Kelly, 1995-10-23, 40832854870
1590966683, 2228876208242862, Janet, Jones, 2003-05-31, 742936026381
4437322290, 372231818841273, Bryan, Moon, 1970-08-22, 796399686970
6677260914, 347006063860588, Corey, Campos, 1972-03-30, 545061665522
1328129189, 4540050714501, Kathryn, Conway, 1987-04-10, 167302406192
8321763694, 3502526815901385, Theresa, Christensen, 1963-12-06, 690435365545
7283660220, 3572027574849746, Kendra, Johnston, 1960-11-22, 832791165157
368473768, 36471958589674, Patricia, Miller, 1982-07-22, 468902630272
3833317304, 30321724247899, Marc, Mitchell, 1985-03-30, 89788327821
8231435605, 213110961174216, Jessica, Jones, 1949-03-12, 316409741034
1826388900, 4384613492598, Antonio, Garcia, 1987-08-14, 586851254538
5579761106, 3588953673804716, Sandra, Reed, 1984-01-09, 611423402410
6575019707, 348392773671047, Mary, Kramer, 1988-07-29, 463161292769
1728879653, 4092452671392, Douglas, Garcia, 1971-10-13, 495704794097
651034111, 3556451955348906, Ryan, Hodge, 1982-11-05, 917723904713
5748657822, 3595906383555466, Eric, Schultz, 1997-04-18, 593676899551
4254597710, 6591615472699294, Michael, Wheeler, 1991-11-27, 231461834318
9910637793, 3532252612917532, Andrew, Hill, 2002-08-04, 334124123692
7551656307, 36584024262280, Jean, Gonzalez, 1981-09-02, 786870284180
282442506, 3526051470230832, Justin, Jones, 2002-12-10, 718382012933
8465737893, 3577983311569846, Margaret, Mitchell, 1968-05-10, 384355592470
4341973542, 378117222471613, Connor, Johnson, 2002-02-18, 945708070198
9176411647, 3500089098600846, Shawn, Lewis, 1974-03-12, 167103247620
8555291633, 213167632244638, Mary, Reese, 1962-11-12, 950265808264
178126149, 30319186409007, Ian, Skinner, 1974-04-11, 380227746762
9599231598, 502096955542, Stephen, Solomon, 1999-11-08, 643116559519
3241157662, 6011695585902456, Hector, Mitchell, 1973-09-09, 275471563677
691218556, 6539823083344285, Nathan, Mccoy, 1973-09-06, 708528481266
8367270730, 2269406133147216, George, Barnes, 1989-04-13, 87453715247
2440133887, 30494130424269, Ashley, Figueroa, 1966-04-22, 325840216145
1592849373, 3577707920901771, Nicole, Rosales, 1968-03-16, 760619023688
1118882022, 4282728655326948777, Ralph, Rice, 1932-11-22, 763203437314
8386167839, 501829460374, Kyle, Haas, 1949-02-03, 131277265565
1861570451, 3506488866470008, Bobby, Anderson, 1993-08-16, 312774645403
5433911366, 4870569393294767, Tracy, Walters, 1988-05-20, 994537262480
2322752194, 4343184526820, Jorge, Smith, 1952-12-18, 180111038100
4457161450, 213110309064491, Erin, Hawkins, 1960-07-02, 443737319223
128271160, 2270704493978791, Jay, Sutton, 1984-05-24, 789653754117
7981975687, 6011771655767010, Denise, Jackson, 1951-05-03, 418738732780
402518695, 213134754863173, Kyle, Bernard, 1975-09-25, 65444424790
4422361750, 676295805474, Christian, Wilson, 1974-05-09, 123261132654
3875345874, 2245031343410755, Laura, Flowers, 1996-12-09, 772650982125
906494789, 6553474665688698, Thomas, Miller, 1990-01-08, 758961376906
1630647231, 6011378660104591, Wendy, Reynolds, 1974-11-26, 174586030586
1600446268, 4306281312893943, Victoria, Robinson, 1989-01-01, 276711063498
1991239102, 6502847313207080, Matthew, Carlson, 1973-09-05, 86021023325
2163705605, 346867238339803, Christopher, Foster, 1959-02-22, 678500630596
4134266836, 5231582499784616, Lisa, Smith, 1970-08-12, 93046231409
1536335041, 676166398559, Dennis, Rowe, 1998-09-04, 290605231854
3208841180, 4646092162872756674, Justin, Lewis, 1958-10-20, 544728090154
494491511, 372343464150048, Kristen, Holmes, 1961-06-13, 232400175393
7762499759, 5313857355232871, Sara, Miller, 1943-10-27, 239634521496
1279196526, 4325470138592, Diana, Wilkinson, 1996-02-01, 825836105368
2171097839, 30421669733323, Chad, Richards, 1948-04-22, 159560668419
2973719319, 5488659976630692, Lori, Bell, 1986-10-03, 111983841494
4392616458, 2720847919605211, Jordan, Mays, 1995-10-07, 150423573920
3075100621, 349369218312626, Rebecca, Maynard, 1934-05-03, 366656360228
1753811449, 2704915010987695, Michael, Taylor, 1965-11-16, 512396713737
9639689238, 4171397999167005, Christopher, Gay, 1957-10-29, 674163771614
6898620769, 3533109614710738, Sherry, Kim, 2000-05-26, 848674626557
2051963675, 3564317110506383, Tina, Thomas, 2003-04-03, 641083193011
8539549577, 213106371766005, Kimberly, Bryant, 1994-05-13, 579167715861
9305677856, 30138279015848, Micheal, Hernandez, 1994-05-01, 329356321690
6418473438, 060483726125, Richard, Elliott, 1966-01-02, 89248599326
385293702, 4689579371325187, Cory, Norton, 1987-09-06, 372679712937
8860958184, 4192129544002279, Nicholas, Smith, 1951-10-25, 875459577980
7019663659, 4023672288997473455, Anita, Anderson, 1951-10-06, 500415568693
6964127269, 213124604656133, Joshua, Johnson, 1979-11-24, 875561636980
2419302473, 4847643436123126970, Cynthia, Reid, 1963-01-02, 531426640384
2188963044, 3531643563081560, Ryan, Vaughan, 1945-05-01, 183921031979
330350176, 36738230291976, Richard, Ward, 1946-11-28, 118406947397
8063591929, 4103693586707879, Katie, Pierce, 1929-11-13, 986230375330
1053656593, 6501459590810445, Tracy, Smith, 1935-01-30, 150407213590
1955708648, 580296122725, Brittney, Lozano, 1979-03-17, 79581056874
4331881114, 375089730929502, Ronald, Stevenson, 1980-10-28, 524604863891
1294158096, 639092146609, Michael, Ward, 2001-11-23, 269943531748
8893694726, 4576601732120606, Terry, Brooks, 1971-09-25, 876245935945
292487641, 180084898231283, Nicole, Wilkerson, 1972-10-29, 883869500252
9875186971, 2290656063466647, Molly, Mitchell, 1933-11-03, 742786215687
4628221409, 4020917459518258482, Casey, Osborne, 1932-02-25, 618881962986
9802653133, 345284079573089, Victoria, Schmidt, 1952-05-15, 957220781550
9829993351, 213157653853052, Daniel, Carpenter, 1982-03-14, 921182301076
4520489368, 3565972993090423, Sarah, Davis, 1951-08-01, 193292089155
9262300134, 6527148356906584, Robert, Johnson, 1992-06-02, 962160947959
9721517054, 38693379277138, Julie, Orr, 1958-05-15, 55998774586
1115414108, 3511521106844922, Kathy, Douglas, 1951-03-26, 242314850302
6573978273, 675928758696, Jason, Frost, 2002-05-15, 966076302259
1684975681, 4731654447668726316, Allison, Wright, 1952-05-17, 387900195921
3664695405, 4444392916989582, Richard, Oliver, 1996-08-15, 126539688217
1741503256, 4073545327660351, Susan, Perry, 1967-08-17, 445724756742
5323725563, 3519571751678119, Kimberly, Bush, 1976-02-25, 523557685546
6463551053, 4151344636857311, Joseph, Miller, 1976-07-28, 474096306583
4764422628, 213152803439894, Cassandra, Evans, 1983-08-05, 684041595967
1224750129, 180098399347364, Anita, Robinson, 1976-12-06, 937428595368
5249866291, 4215884206799280, Timothy, Cochran, 1987-03-06, 690231947985
3557007163, 4604368251388248, Christina, Brown, 1944-08-26, 797542367380
2594677255, 6011679589042444, Rachel, Johnson, 1983-12-23, 606306949066
1317249534, 3543772983370976, Kenneth, White, 1950-06-02, 112281089562
7348881228, 4347873929604512678, Michael, Erickson, 1967-03-01, 200044909469
9123428531, 3575928436213087, Alyssa, Mckee, 1969-07-12, 844933879818
7617205731, 4849471083164053, Nathan, Rhodes, 1963-01-11, 123987453724
2208692527, 3554995100192538, Diana, Fields, 1974-02-21, 385790344097
679119083, 30352091898873, Kara, Kaiser, 1954-01-17, 35914613800
6628157289, 4372460217665783, Sarah, Li, 1988-10-26, 535775373086
213794362, 6591603272871602, Phillip, Benson, 1988-07-27, 666248153265
7686182049, 213186551511454, Amanda, Tucker, 1968-01-22, 683928312647
8917121427, 349148972827197, Tracy, Short, 1958-11-28, 861183370906
9382201318, 639060207581, Jesse, Andrews, 1964-12-15, 55386657009
3678795160, 180063171158447, Scott, Beck, 1990-06-08, 900411114810
9340767654, 3526453565223856, Kimberly, Hays, 1952-11-08, 739817757441
9061775417, 2299388510118974, Adam, Guerrero, 1994-09-07, 161149278434
6815836642, 4708202830304688, Denise, Adams, 1973-12-05, 462811180659
6422700294, 2242257482398328, Courtney, Wyatt, 1972-01-02, 392791425511
3218172274, 501851401726, Amanda, Foster, 1997-07-31, 590179791855
4769074457, 6011945891987406, Carlos, Moore, 1983-02-09, 730623014110
3787424576, 6011250630946478, Isaac, Chang, 1975-11-10, 614190956130
2208708488, 6011878330987374, Dustin, Orr, 1955-02-06, 718840397939
4845860100, 373130802590871, Jerry, Baker, 1956-05-03, 23973178337
3068646010, 2414990153946809, William, Perez, 1930-10-13, 262107973297
967807492, 630432745895, David, Curry, 1959-07-23, 7769055581
8888543463, 213131256985876, Ryan, James, 1996-10-13, 243966466427
178720476, 3576624667722263, Danielle, Sims, 1954-09-09, 906553058844
200293317, 343657511651799, Kimberly, Snyder, 1999-05-04, 660751584852
8004212967, 374100367918766, Sheila, Washington, 1960-09-13, 987178918557
4486165421, 4501972226156, Austin, Flores, 1987-09-03, 579160313235
9951522332, 2266503981802661, Gilbert, Neal, 1988-06-18, 936521951795
7336594972, 4815480263237692934, Lauren, Perez, 1975-08-31, 499130138820
4921913728, 4537680450429645, Marilyn, Bailey, 1952-01-21, 797766599386
7332849742, 340528843885988, Erin, Dillon, 1997-04-11, 439392916945
7846484999, 4694075291476089751, April, Morris, 1959-11-03, 681423242615
956516663, 2440562068861916, Ashley, Fitzpatrick, 1962-06-25, 163268856589
3069364519, 4320653722824548, Janet, Graham, 1977-06-29, 457366609090
6641883526, 2244118221727656, Cheyenne, Monroe, 1950-09-04, 803823794434
2627176907, 4821093605427271, William, Boyd, 1990-09-20, 557412089162
5635379659, 3542411264729573, James, Riley, 1994-02-15, 555114575672
4966090405, 340631420940158, Sarah, Alexander, 1973-10-22, 625938108750
3563761482, 4934633065159403, Teresa, Bush, 1978-02-21, 904575330080
5544155387, 4673228868478959915, Krista, Hunt, 1966-05-10, 889935512830
4040932454, 4063935493855244, Rachel, Charles, 1933-06-24, 698941411957
6813634763, 5248535261241794, Cynthia, Baxter, 1964-07-24, 302053580784
7053395514, 676361405985, Valerie, Robinson, 1999-07-28, 381870246839
3166770212, 4773531080010458, Jason, Wright, 1990-11-06, 20312093589
2507338733, 580671373307, Jessica, Schultz, 1999-10-30, 55377000897
8633733073, 3523217749234094, Emily, Davidson, 1965-12-14, 929735717015
8138495973, 2719438381487800, Sherry, Thomas, 1979-10-09, 918273217331
5421974988, 213126031986546, Colleen, Smith, 1952-07-26, 387471668461
4707193575, 2323920904275216, Nathaniel, Atkins, 1998-07-29, 109050941270
676785026, 379055178270085, Mark, Atkinson, 1965-01-09, 759843022950
5815498597, 587446991107, Anthony, Carr, 1961-05-15, 207619611330
1864314830, 3572820398948466, Benjamin, Owens, 1971-06-11, 990110549708
4927743746, 3512513118800108, Paul, Morgan, 1986-07-20, 942702763667
5487559611, 3510510482990251, Lori, Stewart, 1980-06-12, 726359925362
894451089, 588050269350, Taylor, Benson, 1959-01-08, 858579282687
564644242, 4849698673166411758, James, Chen, 1996-04-28, 984355723490
2486489892, 2299330127864947, Christy, Hawkins, 1974-01-27, 442972310088
9271302764, 213193544141183, Tim, Palmer, 2002-03-02, 71420074201
809827036, 2519138317303491, Jillian, Estes, 1970-06-14, 522846957210
9819432713, 36006549080708, Lisa, Rodriguez, 1995-09-12, 677384300694
4062411405, 2269102471283297, Tara, Ryan, 1965-05-20, 828469448826
1920450476, 343501876462360, Todd, Bates, 1992-05-02, 397975889388
6582942172, 4091504463808, Douglas, Nelson, 1964-11-28, 729376232725
5843705270, 30103386947440, Joseph, Mccarthy, 1967-07-25, 22725338415
8985322195, 3574082628055202, Howard, White, 1981-08-28, 323733669607
5745479154, 4411783708762568, Pamela, Mcconnell, 1965-07-16, 910499328524
5490842121, 4593247338644554, Daniel, Robinson, 1999-08-15, 511757725328
4715639952, 213145993135017, Edward, Rios, 1995-08-26, 345258378313
2979817228, 30202787548144, Stephanie, Sanchez, 1974-04-23, 683836611747
9309056763, 4660573502471443, David, Elliott, 1993-01-22, 257171962518
7816613530, 4232769590535, Travis, Willis, 1958-01-13, 410829247754
2199849282, 4012988948057447, Mary, Keller, 1974-06-05, 245834488913
6319666739, 372092720778288, Heather, Stewart, 1959-04-11, 773494744595
1300162193, 2297025136736597, Stephen, Kennedy, 1952-12-17, 44308353007
4018117218, 4636577488838441738, Eric, Walters, 1958-10-12, 271876448597
1281768493, 30315729612875, Destiny, Montoya, 1988-06-04, 375990778610
362710767, 060418462796, Caitlin, Johnson, 1990-10-07, 219985340446
10592624, 3504970945502895, Ashley, Powell, 1968-01-24, 355278167380
3368493192, 6579654401201183, Laurie, Morales, 1971-07-29, 841423930787
7270613282, 347516789598064, Marcia, Sanders, 1986-09-04, 253403442685
9278428222, 3576707756135644, Julie, Hamilton, 2000-11-21, 989589923876
5250199045, 2289669644470262, Rebecca, Bradford, 1979-09-20, 29083823502
4607611939, 2715439231428584, Sarah, Lopez, 1980-09-22, 414725854393
3725273007, 341684593668667, Robert, Brown, 1978-10-12, 477607636102
1686570842, 30434949141373, Renee, Lara, 1954-11-22, 995674355288
8734347192, 213160435640896, Kerri, Smith, 1943-09-10, 30380319166
7170922640, 4832422898343779, Christina, Madden, 1970-10-08, 665838093467
1676558973, 675932211567, Sabrina, Cruz, 1962-06-14, 942442052377
4511075365, 3518080950522376, Katie, Watson, 1948-01-05, 688963652068
6267221432, 4776632394116812, Tiffany, Roach, 1999-12-28, 605740122119
8970432513, 3565403125454055, David, Sanchez, 1992-11-10, 407691291648
8199141813, 3565209663148391, Jonathan, Molina, 1996-06-11, 258520130419
9706048040, 4333401767525272, Anna, Booth, 1953-01-02, 821519631626
9751191139, 4162371938238, Kristina, Johnson, 1958-07-29, 516365199776
2186026354, 213154303928806, John, Gilbert, 1939-12-08, 1349894321
3263261653, 4496893585897334, Christian, Ford, 1928-09-27, 699595902047
66380526, 060455940043, Jennifer, Sawyer, 1948-02-24, 407013439109
9147736015, 343514076156419, Maria, Martinez, 1981-07-20, 663619532102
4133174587, 2432480870586185, Scott, Reilly, 1943-06-18, 550309448375
6903588198, 379613141277676, Shawn, Martinez, 1970-09-20, 402106030296
6845942865, 3587950499854447, Dylan, Bell, 1967-04-03, 905874725392
8964245495, 30106711766096, Christopher, Williams, 1954-02-08, 143853757613
952431406, 30386957125112, Kristin, Roy, 1994-08-26, 560880351585
9165459808, 2222816147850827, Bianca, Hamilton, 1994-04-02, 789619673695
6337996094, 4074071448385033, Nathaniel, Tate, 1963-03-22, 477825027239
6558739025, 38391582033964, James, Larson, 1982-04-30, 997348759736
3236852006, 3512326183975576, Troy, Pratt, 1995-01-31, 144903280156
4458190544, 36398366481873, Jose, Thomas, 2004-07-06, 705365345550
3990386416, 36655432863784, Bryan, Allen, 1951-05-06, 355529783035
6780210628, 2720349249174893, Clarence, Dickson, 1963-02-25, 305955386674
2473478132, 341099653048991, Tiffany, Bates, 2001-09-10, 851232080128
3324150217, 3561941179672142, Tammy, Adams, 1941-02-09, 992915830136
4027855254, 4097921929520933, Stacy, Cooper, 1977-01-30, 802047612126
2442847247, 373756335397416, David, Ramirez, 1958-04-29, 231268193849
8321184133, 4239392653561197, Wesley, Trujillo, 1967-03-10, 64190071892
9230269294, 4797738991587324, Misty, Stone, 1980-04-30, 740461364156
1762496383, 180077612335398, Dylan, Walker, 1972-09-06, 51337177068
3967506131, 4320605797265282358, Sandra, Bailey, 1988-03-27, 540040772470
7609351604, 3525829625971793, Nathan, Weiss, 1985-08-29, 745736384898
7457637281, 4416830973690423, Mary, Shah, 1942-05-20, 623099930950
4010267648, 4924023058798627, Stephanie, Bonilla, 1950-11-04, 992721874873
556544827, 4264600002845741, Elizabeth, Briggs, 1950-03-18, 599705146226
1640447818, 3598302295094801, Taylor, Hutchinson, 2000-04-27, 138319640329
5707101471, 675947389317, Zachary, Weaver, 1959-11-11, 856297714399
4078433790, 501874011247, Carol, Brown, 1981-10-02, 239534283808
9847963641, 213165192154221, Tracey, Obrien, 1994-12-07, 343047409979
8165674865, 4580383990816, Darrell, Harris, 1998-02-05, 290663628011
3254126653, 4999359782104230015, Samantha, Harris, 1964-02-17, 228286923675
5260843931, 4513967079362485040, Angela, Nguyen, 1980-10-16, 1709094413
9177677466, 5268152389123626, Amy, Smith, 1928-04-25, 218488750176
4676608522, 639096162115, Chelsea, Brown, 1942-01-08, 740866849311
6493899619, 3557412378268278, Lisa, Thomas, 1988-12-05, 469266688026
1341364474, 4108317097563, Ruth, House, 1954-08-04, 545634199859
4366881962, 6011197215429075, Ashley, Watson, 1989-05-18, 740084774237
8231413805, 180086362135460, William, Martinez, 1962-03-18, 25675602893
1805827285, 2705164333844536, Kellie, Page, 1998-12-23, 233900435114
2939011276, 2609745603691537, Carol, Collins, 1956-08-24, 420289708710
9861826067, 6549466905463749, Jonathan, Porter, 1941-10-20, 402988156198
8720412531, 4336129982090, Jason, Rivera, 1954-02-13, 861646391471
7934478376, 4593569795412062, Albert, Graham, 1988-05-29, 510252089195
3922544037, 5208271974493351, Katherine, Jones, 1957-07-20, 355767237834
9317071134, 4478272772322, Jennifer, Vance, 1985-11-10, 493706865646
7554697330, 4591535607341802221, Martin, Henson, 1994-09-11, 36038895563
7450460072, 4544293891833598, Tamara, Sullivan, 1983-07-30, 464074542557
861574441, 2253144472282629, Jennifer, Francis, 1972-11-27, 725531515586
6957953593, 4036286570100739165, Joshua, Hutchinson, 1959-02-15, 991312238099
5951830983, 2267882558298118, Joseph, Spencer, 1955-04-03, 676251738217
3031514164, 30111259710852, Lance, Hall, 1993-02-27, 977051357717
3261928168, 38304441760172, Susan, Robles, 1979-10-07, 564981022507
4089433612, 6549467152297293, Luis, Foley, 1959-06-17, 760544207857
4797472265, 4438034919132889, Joe, Walker, 1979-04-16, 17468065198
4041539582, 4201987912702724, Anthony, Mccarthy, 1989-11-10, 802267914237
2001283555, 373066308529197, Michael, Garza, 1979-03-12, 889745819746
4179495839, 347966622959793, Megan, Johnson, 1973-10-01, 39529540351
1524988576, 6547229409486216, Justin, Martinez, 1970-05-13, 815844903074
6141572400, 3548505305591985, Aaron, Booker, 1999-09-03, 262790420911
7304360344, 3592976675673825, Alison, Nixon, 1942-06-19, 570960024367
4615376650, 4275404596319232974, Amber, Thomas, 1971-05-10, 107192908957
5385996941, 4554822434652, Renee, Poole, 1991-02-21, 495274879442
7342302312, 3583266017920212, John, Dawson, 1995-01-18, 713624573142
5858974402, 30143616033744, John, Smith, 1979-04-19, 670547095954
2276874879, 4380593726351, Katherine, Webb, 1980-09-07, 5955577355
241716052, 675928692507, Benjamin, Walker, 1955-06-05, 747728077341
4331175746, 630488177282, Allen, Smith, 2007-01-13, 824454236412
9863226221, 213189697157414, Jacob, Stanley, 1965-05-25, 434159456195
2298290182, 6541949311082847, Micheal, Jackson, 1977-11-19, 165161854515
7882515168, 2260893238927759, Kari, Moses, 1964-01-07, 610643997855
5216834340, 3514456814894645, Daniel, Ruiz, 1964-12-07, 913257676681
8190799872, 348448565560853, Tonya, Hernandez, 2000-08-28, 194582693249
2174482017, 4507199921834, Thomas, Jacobson, 1968-09-17, 250851166989
7477479050, 502050749709, Victoria, Cox, 1991-03-18, 521516804229
526159969, 6011625245830110, Drew, Thomas, 1976-02-27, 703866834840
5432478250, 3570396667286088, Angela, Stanton, 1993-05-27, 88268644455
8787319446, 4423033683285, Nancy, Davis, 1954-07-17, 253501501996
6266586634, 4917616927725207, John, Lewis, 1940-05-17, 388572323613
5376490849, 30318035313352, Taylor, Nicholson, 1965-01-11, 74726979517
4510453411, 6501508428130234, Christopher, Schmidt, 1995-03-10, 808939871044
3263121218, 180073805454872, Kyle, Brown, 1974-03-11, 793595649796
6437104247, 3529908846471910, Christine, Lopez, 1950-09-20, 433444248649
5808419480, 4811006454818239963, Daniel, Knight, 1996-05-04, 431969005886
6690150095, 2343505005808449, Angela, Evans, 1938-02-08, 891353551541
4770105309, 30057324748353, Diana, Gomez, 1978-02-10, 612756140882
3022854322, 3536502868733587, Christina, Vega, 1965-09-24, 849256574556
7755230117, 30353462448124, Debbie, Alvarez, 2003-05-19, 636635151574
5570556276, 6011892980173987, Jonathan, Hamilton, 1948-10-24, 670846135287
2313708830, 3581140788127335, Steven, Edwards, 1979-08-18, 751670759810
5856193035, 3566313667808973, Antonio, Butler, 1974-03-21, 931799656389
8013938079, 4438096421041522419, Taylor, Martinez, 2000-06-19, 331141864098
1808302588, 375900235153945, Cameron, Warner, 1958-08-29, 884207365573
2745931612, 676211942971, David, Estrada, 1979-03-05, 240607525917
5189529819, 213154245334758, William, Smith, 1974-07-23, 229203156906
625569945, 4824794729764724, Cody, Kaiser, 1968-10-30, 199348834570
9595451728, 4296078460235, Ruben, Carter, 1959-01-27, 32399233959
7610882659, 6523417268248185, Gregg, Beck, 1961-06-05, 802491518832
9151332763, 6593765072473158, Nina, Oneill, 1990-12-19, 977131578522
2995035530, 2294569638357371, Joshua, Silva, 1955-02-27, 952751326233
9699721666, 377834453931245, Lauren, Johnson, 1985-09-18, 863230797739
6293293436, 4905504538731349, Katherine, Osborn, 1987-09-10, 341842301695
3085534404, 4926678469777115155, Hayley, Graham, 1995-11-22, 118299951999
955967933, 630439336839, Cristina, Pearson, 1987-04-21, 543655088830
8204456743, 6011740379124089, Gregory, Taylor, 1985-03-01, 331066261529
2429816187, 3529716832555509, Andrew, Riddle, 1969-02-10, 538968561049
9558412784, 30482822486548, Andrew, Wheeler, 1992-02-09, 269700461040
2225821461, 6011258006698763, John, Mendez, 1957-09-01, 266195511144
451442983, 348494792574291, Richard, Aguilar, 1938-12-11, 857072488127
59246457, 4400128295373, Kimberly, Kirby, 1955-02-22, 979333802091
8930276012, 30324541017065, Kenneth, Hendricks, 1984-04-22, 679523025147
1745880713, 4861063048282402, Peter, Owen, 1982-12-27, 787150101794
6271949363, 3593164632097086, Denise, Owens, 1980-05-25, 370433634219
23328797, 4301948029697, Eric, Jones, 1980-06-17, 597138870091
2169337376, 6011597425713715, Calvin, Adams, 1956-06-26, 462693510889
7169095605, 4315672200306954562, Jacob, Moore, 1930-06-15, 799690619417
1654695079, 4475368623516209, Elizabeth, Castaneda, 1959-11-23, 953991517760
6862044767, 379965753041844, Christina, Glover, 1942-12-03, 674779617239
2319171640, 2720488579391071, Jeffery, James, 1959-10-22, 596963436452
4639028243, 180091198913619, Phillip, Yates, 1962-09-12, 435374678126
4345750971, 6011387937258080, James, Webb, 1979-09-01, 13966184580
5999244121, 349352592354273, Michelle, Gray, 1976-10-04, 114174510102
4006701086, 502078079725, Laura, Perez, 1974-02-21, 747357465776
6520464150, 6011226440126105, Christine, Grimes, 1984-11-26, 241666621372
3060997959, 676124066447, Mary, Bell, 1974-02-27, 211676711220
3738071807, 3588616803270567, Rebecca, Rice, 1972-11-07, 918371053277
9219442714, 6585933866364591, Michael, Hernandez, 1972-01-14, 196582985440
1009459247, 2222978020378498, Lori, Howard, 1977-10-28, 253398088670
1635594599, 4828863334694, Richard, Rojas, 1964-08-04, 14411152047
922663097, 3591413941092102, Gerald, Anthony, 1950-12-15, 974302101307
5703438583, 4716589194023, Jeffrey, White, 1978-08-24, 77737791984
6317991949, 6581876790437674, Phillip, Willis, 1983-04-12, 265563031674
2809035089, 4642380697760447, Patricia, Flynn, 1981-10-13, 27312530174
7796668523, 4112577086998006, Whitney, Bell, 1976-03-01, 961104631733
1643524741, 30533708731868, Valerie, Smith, 1930-09-17, 370509911481
9707614052, 6011477156602512, Alyssa, Parker, 2002-05-29, 441547927417
2353934595, 345357254511775, Brandi, Jones, 1995-07-20, 114620358591
2849518386, 3574086252722698, Melissa, Smith, 1981-03-09, 142508918794
3640300961, 341549736983853, Amber, Cobb, 1977-05-02, 690108585889
3339339638, 213124064058119, Christina, Medina, 1968-07-02, 282425370715
6838891237, 3565980778275481, Nicole, Sanchez, 1958-03-12, 161584117368
3683406393, 30171287515012, Allison, Boone, 1950-03-09, 849037416691
8663567233, 341770742005149, Jason, Wang, 1959-12-22, 392285155259
763451706, 4521967214634349, Eric, Riddle, 1947-07-23, 191748574200
9210826010, 3589041585072033, Justin, Mckinney, 1995-04-09, 120912224360
3856437584, 589077198770, Edward, Gonzales, 1996-07-29, 521863866794
5620810403, 4314800176525670734, Lisa, Browning, 1961-04-23, 634609042299
5149717019, 583860193544, Ryan, Williams, 1942-06-20, 434410508686
9437550446, 4167444419173, Timothy, Medina, 1970-06-17, 707361145761
5710330286, 4692015716782530, Kara, Alexander, 1973-05-09, 909349915833
1854069579, 213189242650921, Jimmy, Cline, 1963-03-04, 978203086793
8146619937, 38979446118607, Michael, Thompson, 1994-11-28, 531927217784
6288685396, 180002812833190, Amanda, Swanson, 1995-01-15, 536567056755
7936465092, 4752364567899747, Alisha, Fischer, 1997-05-17, 708556349755
8786425210, 4508313356062972, Jessica, Perry, 1978-03-07, 531078255932
8584901805, 180032182665583, Samuel, Reyes, 1975-09-05, 372580014080
3285975197, 4207011039730247, Cole, Castillo, 1995-06-25, 667359548183
4515746619, 4502924147920945220, Benjamin, Spencer, 1992-07-28, 295408722272
9181501671, 676253678574, Mark, Carrillo, 1973-01-29, 535062717679
3617651555, 3539160471682654, Gary, Smith, 1972-01-26, 339035517748
7949417067, 373352061326629, Lisa, Ross, 1930-07-22, 215714099361
4594054487, 3500509468824536, Evelyn, Lee, 1946-09-27, 501879338708
8648215407, 30120859165458, Susan, Camacho, 1972-03-10, 559618612347
8895837126, 6597720120955686, Melanie, Cooper, 1964-09-28, 346715241624
5773915290, 3503374699178120, Kristin, Chang, 1974-02-20, 389438357558
307381360, 3575705776353685, Betty, Davis, 1984-09-02, 974985940572
2472410483, 4073897566347272915, Andrea, Peck, 1969-05-07, 342845712260
301545246, 3548213537487045, Jennifer, Coleman, 1962-08-27, 698711052768
7155452860, 2242167152337615, Lisa, Rodriguez, 1972-10-12, 551148156135
250616184, 4187178892112583, Ian, Walker, 1959-10-28, 29310387014
2094452290, 30085793722120, Katherine, Hampton, 1955-05-08, 873466344617
5667805107, 060426561191, Don, Stevens, 1990-05-10, 465320891178
2082373245, 373279918697920, Sonia, Ramirez, 1941-10-06, 569625129206
5498506337, 30252004975760, Mary, Washington, 1969-01-19, 667179220393
9924552773, 379357914605727, Anthony, Dixon, 1976-10-31, 267010867110
6747791918, 2228085262027512, Anna, Martinez, 1963-08-11, 291699361364
8980277250, 676114134841, Dominique, Newman, 1984-10-14, 596647932641
7967339766, 346355699493491, Michele, King, 1939-02-25, 424353386020
479218301, 6011439406474175, Angelica, Gonzalez, 1935-08-04, 806640548621
8548560981, 371109074495698, Casey, Lee, 1975-01-29, 666774052405
5156449087, 6011612497060364, Sabrina, Walker, 1975-10-01, 259046605320
4587796490, 379837643675620, Kimberly, Lee, 1960-08-09, 542434844332
7774663710, 3502569832605464, Katrina, Pittman, 1955-08-27, 872047549938
5314339033, 562972228190, Jonathon, Lee, 1950-04-05, 917656307665
1838779162, 2610064712672702, Kristine, Harris, 2000-12-07, 729242336640
5061018143, 584609526374, William, Bowman, 1968-04-22, 863916878156
4271688431, 4465250766657, Bryan, Webb, 1966-11-28, 849749134808
4449211691, 38617631156079, Cameron, Maldonado, 1993-05-24, 949395167715
2363552738, 4709135331941325606, Lisa, Griffin, 1988-08-15, 722447044250
2607157833, 3545942896702551, Melissa, Cooper, 1979-07-06, 33334128210
6653219338, 3589228272038688, Joseph, Wilson, 1983-07-23, 917339335547
5538439518, 4435942723899798914, Scott, Thomas, 1953-05-24, 969085197682
3375791043, 4807045996881340, Cody, Robinson, 1993-03-31, 426309018164
4708840304, 36595668841668, Joseph, Mitchell, 1964-01-14, 521202025197
6693392894, 3514379286961025, Cathy, Gonzalez, 1967-06-07, 181952558942
4663347582, 5599426994875188, Jennifer, Graham, 1988-10-13, 746261753365
5699311184, 213150522402474, Patrick, Payne, 1994-01-06, 351522273945
6610313195, 4395186135113498, Timothy, Smith, 1998-07-28, 365268138263
764443356, 6518738268048185, Jennifer, Wallace, 1958-12-05, 581445073975
134859890, 4418324951611070, Carrie, Mckinney, 1983-01-22, 969088329709
8577867708, 4499556547634587289, Dana, Bailey, 1989-04-16, 804704518636
2842686504, 3548623892003130, Tommy, Hayden, 1977-07-03, 810572034983
1552984884, 4388606148145459, Steven, Underwood, 1983-02-27, 3865818323
1089047289, 6011172060938249, Kimberly, Steele, 1996-05-30, 421047995649
3290842713, 213165886468457, Diana, Daniel, 1995-09-21, 261748558884
4127538701, 4272743400617, Bryan, Smith, 2000-12-02, 934186163036
258674229, 343730334315965, Debra, Bass, 1996-02-21, 300677727224
4967875616, 4399183716543075909, Michael, Pierce, 1963-02-24, 384105331095
3321043597, 5587072265453679, Regina, Ellis, 1975-12-30, 908112735446
9474521474, 371497395918401, Victoria, Marquez, 1999-10-22, 472854804060
6507514961, 5134743835214548, Dakota, Gonzalez, 1984-02-11, 157224928454
9257036911, 3552140119059632, Kara, Campbell, 1999-12-10, 613161965727
298861103, 3532216636667068, Joshua, Graves, 1948-08-08, 495742721861
4976975168, 213190166055162, Melody, Clark, 2001-12-10, 489747143735
7507228678, 3575688500059762, Michelle, Clayton, 1994-05-24, 431396827611
1129383183, 2252709044404447, Randall, Simpson, 1970-05-12, 9533430217
2767138501, 3509856914678227, Amber, Humphrey, 1936-08-11, 893598391068
8597917644, 4538288591238, Timothy, Greene, 1971-08-05, 151815817179
1179555317, 4654310200377111, Michael, Clark, 1967-06-04, 882602097784
1807104288, 4499021310382369187, Grant, Robinson, 1976-08-05, 314308972140
5990242259, 3546960015588049, Chelsea, Bond, 1982-06-12, 678011064016
1214494282, 4343487860855250, Joseph, Aguilar, 1957-04-26, 342937480033
3313404560, 4131531589805355, Troy, Vazquez, 1998-04-25, 920087298296
9322182600, 3574027459480490, Harold, Smith, 1959-06-06, 109247696900
9534921912, 3524126597567191, Heather, Moreno, 1986-08-30, 196786881246
6722948768, 2590662617477269, Brooke, Wilkinson, 1989-11-01, 27148418092
2417534237, 4870188102281500, Kimberly, Harrison, 1978-02-04, 410796808309
8042072278, 30125845406403, Steven, Gomez, 1947-10-07, 976998593059
8196654547, 4093242416411, Heather, Marshall, 1961-08-16, 397343092187
4106162730, 4705478632573, Beth, Phillips, 1948-08-01, 657701204398
7366700761, 4507211590257112, Lauren, Galloway, 1989-10-07, 302161820295
6992308462, 4032467928137756, George, Burgess, 1999-10-15, 936750134080
1351278451, 3582503280658611, Gary, Roy, 1962-09-06, 35059542428
1634312083, 6011403817546674, Shannon, Perez, 1965-07-21, 628142726646
1424456715, 4525541865307446769, Tammy, Garcia, 2000-04-29, 984692513864
7023293503, 376035136523513, Kimberly, Day, 1928-07-12, 193387681487
2084581988, 574315915003, Hannah, Wheeler, 2000-04-24, 295385467971
7967320019, 4249186925348033328, Jennifer, Davenport, 1936-05-18, 851986660244
4816009116, 2715832462863380, Victoria, Mcbride, 1982-04-07, 258170861537
8778781376, 4077750497913962, George, Rivera, 1991-05-27, 741353526701
1215755919, 3563028722790171, Elizabeth, Jones, 1947-03-12, 375200017121
2884952374, 340676685278539, Lynn, Morales, 1990-04-11, 639524268213
8304811868, 180073998331317, Cynthia, Dean, 2001-02-02, 902685545638
652870760, 4439202252192598497, Gregory, Ortiz, 1948-04-24, 960435574416
1737982990, 4299105342562922, Ashley, Stevens, 1926-10-06, 869696062842
5436338073, 38507656349966, Patrick, Davis, 1980-10-05, 700718283889
4937490231, 6500426071789993, Robert, Fields, 1958-02-12, 875940074644
1745411310, 3576288396101890, Larry, Stewart, 1967-10-07, 872793699779
1432660936, 6011327614496785, Peter, Barker, 1997-09-26, 354052366235
5059581309, 4686026720132388, Corey, Jimenez, 1954-04-01, 490776865960
1820948970, 676385186959, Brooke, Solis, 2000-10-15, 555042759473
5453246669, 4950860780347, Courtney, Jones, 1995-03-25, 345587480316
1867006460, 3572493365824043, Zachary, Scott, 1942-05-23, 368316794068
8830860392, 3546865405319568, Andrea, Marquez, 1957-06-25, 554974697825
9926816043, 3551373838379897, Laura, Mclaughlin, 1954-03-09, 418164200172
7364562577, 3532743088157470, Alicia, Morales, 1978-11-04, 120632698453
6286532631, 3549752667741274, Jake, Wright, 1957-08-25, 611814811816
3836912791, 6011575130870251, Justin, Phillips, 1972-06-19, 985366709353
7043711015, 4462181032820, Stacie, Hunter, 1968-02-24, 242193918194
9815758595, 574592803096, Jeanette, Turner, 1956-11-10, 757450435170
2445124395, 3517219049548742, Jennifer, Howard, 1994-11-24, 605558464351
7232127292, 3551563415233794, Timothy, Cameron, 1992-10-23, 653011902984
7372215540, 4482794277604, Lisa, Washington, 1962-09-01, 324352539000
347119795, 372181597692225, Mario, Cook, 1979-09-12, 737065915984
5316666082, 30096207578875, Chase, Shelton, 1968-06-22, 643145434027
6801098825, 180083828516649, Dylan, Bauer, 1977-08-27, 58631296081
5439718141, 2667781261783463, Connie, Cook, 1955-10-20, 612384157976
3372496509, 4946826278115442976, Robert, May, 1996-03-22, 665647519503
1622266154, 213129079770319, Morgan, Cameron, 1968-03-20, 670636554694
8242625965, 4282605798057641985, Alan, Erickson, 1999-08-15, 175984360006
7944670106, 4329901572098577, Joan, Martin, 1997-08-28, 507372751773
3497518318, 30554097231096, Rachel, Villarreal, 1995-06-22, 650859909757
9451190742, 4708978972408, Albert, Jones, 1966-01-13, 725439757653
9455311913, 30366812279213, Nicole, Anderson, 1966-05-17, 87042238571
8768864470, 4489924716112, Heather, Murray, 2003-02-28, 930147604398
4202057480, 4819075104510990, Lori, Perez, 1957-09-07, 208899289486
8847467551, 30426859039258, Michael, Turner, 1951-03-27, 207085687820
5031549346, 5399355287991034, Robert, Long, 2002-07-05, 424091911533
9323487746, 6011119348752462, Lindsey, Mercado, 1994-05-13, 382637210394
4589759163, 2280060187157947, Michael, Mcgrath, 1964-12-12, 560121907183
4533917343, 4133662517098, Derek, Holmes, 1974-09-07, 63738125407
2119944436, 4155256874849683, Karla, Spears, 1991-11-29, 395083691108
8049671013, 4637926081381591, Terri, Compton, 1936-10-22, 858785694294
8904543508, 4502504121750182, Jennifer, Werner, 1986-01-17, 748539580551
1443983432, 4608015113108222118, Dana, Watson, 1978-06-12, 929161670409
3381117653, 6598976659963405, Derek, Shelton, 1949-05-20, 407111763043
4317035216, 4080696513660, Anthony, Thompson, 1943-04-13, 335771280071
382436490, 4518316479879, Alicia, Mclean, 2003-11-19, 475140676613
393784338, 4561240242250837577, Amber, Silva, 1975-01-25, 425793159424
1814318724, 4219346814460250185, Stephanie, Jones, 1962-11-05, 402132469874
8861094167, 373021751466215, Stephen, Velez, 1969-09-24, 444661381301
7973249553, 4409982811001136655, Elizabeth, Harrison, 1982-01-06, 969628694779
4547065028, 180097248210468, Jonathan, Arnold, 1969-05-10, 88944229830
322298081, 6588848289195454, Andrea, Noble, 1994-11-04, 786552772158
3084112815, 180027314602843, Brian, Brandt, 1947-07-18, 183550050784
4452417747, 30384636600001, Angela, Taylor, 1988-02-17, 316241915081
7081828091, 630452161015, Andrea, Herrera, 1999-03-03, 426328063474
4680514489, 180020722863024, Lisa, Lawrence, 1979-05-08, 695014314863
1630567603, 4811856629356748, Danny, Jones, 1981-10-12, 367813232541
3584109538, 213104376502319, William, Small, 1991-01-03, 236878799233
150413692, 3511819615012514, Sheri, Fowler, 1964-06-28, 62331703889
1604358534, 180092656111639, Chelsea, Brown, 2001-10-28, 877905135923
3799897322, 6554348645860990, Megan, Long, 1996-11-23, 956648848359
4209964103, 180019255464556, Zachary, Robertson, 1979-11-25, 308170615636
5428864932, 4510819757695, Charles, Lopez, 1978-08-18, 713338500637
9380641616, 2292743078781976, Tanner, Lewis, 1946-05-19, 884379365200
3573553173, 180074133381845, Jason, Williams, 1949-10-06, 412910603269
8721776687, 346520358677847, Jonathan, Elliott, 1998-04-02, 621659265320
9528538743, 3522084789818363, Taylor, Sherman, 1965-04-18, 38399733986
7159000055, 3509412951396818, Kenneth, Reed, 1960-05-01, 84936462639
398474772, 3586299242477903, Daniel, Maxwell, 1967-03-11, 647183801834
9896938698, 30081903016206, Jennifer, Johnson, 1957-02-11, 551719945942
4402848777, 3514836351306048, Marie, Kane, 2002-04-02, 937776622089
4562139617, 30205986334117, Janice, Acevedo, 1943-10-12, 932596187299
1635920074, 6594834236950185, Christopher, Clarke, 1974-06-12, 91386428394
