,card,merchant,category,amount,transaction_date
3717-349338-18135#2024-01-18T18:03:45.117Z,3717-349338-18135,"Wilkinson, Will and Schuppe",Transportation,850.00,2024-01-18T18:03:45.117Z
670670901277680078#2024-01-30T09:55:05.274Z,670670901277680078,Windler Group,Food & Drink,1356.00,2024-01-30T09:55:05.274Z
6771-8974-5217-1724#2024-01-27T09:11:21.329Z,6771-8974-5217-1724,Kutch Inc,Transportation,1843.00,2024-01-27T09:11:21.329Z
6388-0134-8242-1825#2024-01-29T02:39:34.330Z,6388-0134-8242-1825,Stroman - Marquardt,Groceries,2187.00,2024-01-29T02:39:34.330Z
3437-305893-44538#2024-01-25T22:38:14.953Z,3437-305893-44538,"Friesen, Aufderhar and Sawayn",Fashion,1484.00,2024-01-25T22:38:14.953Z
6771-8958-7718-6954#2024-01-05T11:05:30.761Z,6771-8958-7718-6954,Wintheiser - Rutherford,Food & Drink,864.00,2024-01-05T11:05:30.761Z
6759-9289-5832-4989-52#2024-01-10T12:57:50.083Z,6759-9289-5832-4989-52,"Brekke, Hansen and Haley",Online Retail,703.00,2024-01-10T12:57:50.083Z
6771-8974-2275-6380#2024-01-13T01:49:55.621Z,6771-8974-2275-6380,Paucek - Yundt,Transportation,1197.00,2024-01-13T01:49:55.621Z
6759-2472-1773-6997#2024-01-06T03:58:16.458Z,6759-2472-1773-6997,Corwin Inc,Online Retail,2386.00,2024-01-06T03:58:16.458Z
6771574575855335060#2024-01-23T05:10:40.017Z,6771574575855335060,"Morissette, Conn and Schumm",Online Retail,392.00,2024-01-23T05:10:40.017Z
6759-1750-1423-4447#2024-01-07T09:52:18.565Z,6759-1750-1423-4447,"Daniel, Beier and Gusikowski",Transportation,732.00,2024-01-07T09:52:18.565Z
4398702214697#2024-01-28T09:38:08.928Z,4398702214697,Feest - Hodkiewicz,Fashion,1843.00,2024-01-28T09:38:08.928Z
4366-9893-4970-3920#2024-01-03T10:39:54.499Z,4366-9893-4970-3920,Berge - Welch,Groceries,1375.00,2024-01-03T10:39:54.499Z
6759-7254-4775-6695#2024-01-26T22:38:43.253Z,6759-7254-4775-6695,Towne Inc,Transportation,470.00,2024-01-26T22:38:43.253Z
6583-9301-2793-2721#2024-01-12T01:33:22.493Z,6583-9301-2793-2721,"Monahan, Ryan and Doyle",Groceries,2743.00,2024-01-12T01:33:22.493Z
6767-5296-0749-8624-859#2024-01-14T20:51:43.111Z,6767-5296-0749-8624-859,Miller Group,Food & Drink,2271.00,2024-01-14T20:51:43.111Z
5418-8290-0112-9011#2024-01-11T03:43:43.536Z,5418-8290-0112-9011,"Rogahn, Purdy and Wolf",Groceries,1009.00,2024-01-11T03:43:43.536Z
3031-676573-5448#2024-01-08T09:47:20.245Z,3031-676573-5448,Weimann LLC,Transportation,1633.00,2024-01-08T09:47:20.245Z
5296-5533-7774-2747#2024-01-04T12:00:29.167Z,5296-5533-7774-2747,"Bruen, Aufderhar and Cartwright",Groceries,1250.00,2024-01-04T12:00:29.167Z
6767-7470-8894-7060-654#2024-01-21T06:06:17.741Z,6767-7470-8894-7060-654,Reynolds and Sons,Online Retail,376.00,2024-01-21T06:06:17.741Z
5424-6766-4735-5126#2024-01-21T23:34:24.927Z,5424-6766-4735-5126,"Erdman, Kulas and Dietrich",Groceries,686.00,2024-01-21T23:34:24.927Z
6391-5988-0594-6545#2024-01-16T02:40:15.775Z,6391-5988-0594-6545,"O'Keefe, Daugherty and Hayes",Transportation,805.00,2024-01-16T02:40:15.775Z
5480-9785-2621-8990#2024-01-05T00:12:10.714Z,5480-9785-2621-8990,Dibbert - Block,Transportation,1765.00,2024-01-05T00:12:10.714Z
670656286911948042#2024-01-16T01:54:24.958Z,670656286911948042,Nolan - Marvin,Fashion,2458.00,2024-01-16T01:54:24.958Z
6771598839034649#2024-01-13T23:25:38.102Z,6771598839034649,"Abshire, Stark and Heller",Fashion,2982.00,2024-01-13T23:25:38.102Z
3709-075330-38228#2024-01-11T10:57:43.921Z,3709-075330-38228,Leannon and Sons,Transportation,2178.00,2024-01-11T10:57:43.921Z
6447-6254-8974-2277-1227#2024-01-10T00:33:37.104Z,6447-6254-8974-2277-1227,Sawayn - McDermott,Food & Drink,1798.00,2024-01-10T00:33:37.104Z
6396-4280-7989-3006#2024-01-12T19:02:52.022Z,6396-4280-7989-3006,Swaniawski - Windler,Online Retail,2378.00,2024-01-12T19:02:52.022Z
3529-8552-8364-6795#2024-01-07T11:18:06.127Z,3529-8552-8364-6795,"Steuber, Greenfelder and Harber",Transportation,1307.00,2024-01-07T11:18:06.127Z
6706678454890726108#2024-01-18T19:29:17.324Z,6706678454890726108,"Beatty, Cole and Bahringer",Groceries,1363.00,2024-01-18T19:29:17.324Z
67596315759331874741#2024-01-25T09:57:17.518Z,67596315759331874741,"Senger, Fahey and Kerluke",Fashion,1914.00,2024-01-25T09:57:17.518Z
4870042488751#2024-01-17T08:57:38.702Z,4870042488751,Graham Group,Groceries,520.00,2024-01-17T08:57:38.702Z
50380342977352288188#2024-01-02T04:30:08.667Z,50380342977352288188,Steuber Group,Online Retail,1635.00,2024-01-02T04:30:08.667Z
3707-679266-41867#2024-01-06T00:05:10.226Z,3707-679266-41867,"Orn, Goyette and Brakus",Food & Drink,1318.00,2024-01-06T00:05:10.226Z
3528-8243-7223-4278#2024-01-18T21:51:05.561Z,3528-8243-7223-4278,Lebsack - Feil,Food & Drink,1518.00,2024-01-18T21:51:05.561Z
6767-9256-7606-2688#2024-01-11T14:24:05.312Z,6767-9256-7606-2688,Bergstrom LLC,Transportation,140.00,2024-01-11T14:24:05.312Z
5018-0026-3091-1100#2024-01-27T10:38:11.002Z,5018-0026-3091-1100,Blanda LLC,Groceries,711.00,2024-01-27T10:38:11.002Z
6759-9656-0477-1059#2024-01-05T17:28:18.011Z,6759-9656-0477-1059,Botsford Inc,Food & Drink,2232.00,2024-01-05T17:28:18.011Z
5411-8631-8987-2503#2024-01-26T04:55:06.088Z,5411-8631-8987-2503,Barton Inc,Online Retail,519.00,2024-01-26T04:55:06.088Z
6767-7591-0428-7322#2024-01-14T09:50:51.465Z,6767-7591-0428-7322,"Hartmann, Parisian and Stoltenberg",Fashion,876.00,2024-01-14T09:50:51.465Z
6442-6232-1986-5293-8079#2024-01-03T08:34:15.678Z,6442-6232-1986-5293-8079,Heller Group,Food & Drink,2186.00,2024-01-03T08:34:15.678Z
5452-6583-6775-5490#2024-01-12T08:04:40.124Z,5452-6583-6775-5490,Russel - Mohr,Groceries,1413.00,2024-01-12T08:04:40.124Z
6011-5210-6663-6860#2024-01-15T04:50:22.754Z,6011-5210-6663-6860,Mayer - Bahringer,Groceries,2091.00,2024-01-15T04:50:22.754Z
6771-8915-2622-0146#2024-01-13T19:12:42.237Z,6771-8915-2622-0146,"Flatley, Stark and Weissnat",Groceries,879.00,2024-01-13T19:12:42.237Z
6377-9351-1874-7657#2024-01-30T23:35:55.238Z,6377-9351-1874-7657,"Langworth, Douglas and Jenkins",Groceries,292.00,2024-01-30T23:35:55.238Z
6370-1591-8352-0728#2024-01-16T15:38:06.651Z,6370-1591-8352-0728,Lindgren and Sons,Fashion,254.00,2024-01-16T15:38:06.651Z
3437-424403-90303#2024-01-17T03:59:32.538Z,3437-424403-90303,Bechtelar - Lebsack,Groceries,92.00,2024-01-17T03:59:32.538Z
6759-1750-1423-4447#2024-01-17T09:03:59.195Z,6759-1750-1423-4447,Cole LLC,Food & Drink,2459.00,2024-01-17T09:03:59.195Z
3528-7600-8594-5414#2024-01-05T05:58:54.169Z,3528-7600-8594-5414,Cummings - Cummings,Transportation,1020.00,2024-01-05T05:58:54.169Z
3406-428383-46359#2024-01-05T22:06:54.175Z,3406-428383-46359,"Fadel, Leuschke and Rice",Food & Drink,2777.00,2024-01-05T22:06:54.175Z
502079296207277646#2024-01-04T14:15:35.879Z,502079296207277646,King - Hamill,Groceries,2006.00,2024-01-04T14:15:35.879Z
4523697983481#2024-01-12T06:41:12.915Z,4523697983481,Gerlach and Sons,Fashion,1995.00,2024-01-12T06:41:12.915Z
5459-5674-7715-2220#2024-01-04T22:44:59.169Z,5459-5674-7715-2220,Wisozk and Sons,Food & Drink,1699.00,2024-01-04T22:44:59.169Z
6304573451315036#2024-01-14T23:02:13.171Z,6304573451315036,Mayert and Sons,Groceries,790.00,2024-01-14T23:02:13.171Z
6561-6764-4778-2397#2024-01-14T13:09:45.998Z,6561-6764-4778-2397,"Murphy, Langworth and McDermott",Transportation,65.00,2024-01-14T13:09:45.998Z
6372-5009-8327-2994#2024-01-03T08:54:22.534Z,6372-5009-8327-2994,"Jenkins, Borer and Aufderhar",Fashion,1264.00,2024-01-03T08:54:22.534Z
6767-4016-7829-2665#2024-01-28T12:55:28.906Z,6767-4016-7829-2665,"Yundt, Harvey and Cronin",Fashion,370.00,2024-01-28T12:55:28.906Z
3552-4475-6727-7651#2024-01-29T05:43:37.738Z,3552-4475-6727-7651,Swift and Sons,Transportation,1002.00,2024-01-29T05:43:37.738Z
677127967772849421#2024-01-21T14:11:52.852Z,677127967772849421,Lindgren and Sons,Food & Drink,88.00,2024-01-21T14:11:52.852Z
5430-2451-8808-2309#2024-01-20T00:19:18.481Z,5430-2451-8808-2309,Kreiger - Purdy,Transportation,1072.00,2024-01-20T00:19:18.481Z
6709555922069285#2024-01-15T20:13:54.244Z,6709555922069285,Lubowitz - Goodwin,Fashion,1565.00,2024-01-15T20:13:54.244Z
6759-5055-4111-0501-96#2024-01-04T22:32:42.446Z,6759-5055-4111-0501-96,"Senger, Dickinson and Hansen",Groceries,2742.00,2024-01-04T22:32:42.446Z
6759-0305-1467-6614-84#2024-01-10T16:21:56.611Z,6759-0305-1467-6614-84,"Lemke, O'Keefe and Gleason",Fashion,2053.00,2024-01-10T16:21:56.611Z
6759-3905-5125-4878#2024-01-29T02:18:00.314Z,6759-3905-5125-4878,Herzog LLC,Transportation,197.00,2024-01-29T02:18:00.314Z
5409-3231-1391-8629#2024-01-29T21:35:27.371Z,5409-3231-1391-8629,Carter and Sons,Food & Drink,1559.00,2024-01-29T21:35:27.371Z
6767-2372-9035-7589-91#2024-01-02T20:25:24.084Z,6767-2372-9035-7589-91,Russel Inc,Transportation,1897.00,2024-01-02T20:25:24.084Z
6759-4173-2979-3786#2024-01-03T01:01:34.575Z,6759-4173-2979-3786,Kozey - Zulauf,Transportation,2888.00,2024-01-03T01:01:34.575Z
5038-3869-6160-0135#2024-01-28T07:09:11.807Z,5038-3869-6160-0135,"Adams, Harvey and Treutel",Fashion,2796.00,2024-01-28T07:09:11.807Z
6771930114451802#2024-01-04T17:00:19.454Z,6771930114451802,"Reinger, Dach and Franecki",Food & Drink,1209.00,2024-01-04T17:00:19.454Z
3733-637361-63826#2024-01-15T05:40:17.240Z,3733-637361-63826,Klein LLC,Online Retail,2786.00,2024-01-15T05:40:17.240Z
6706972667226504#2024-01-10T07:08:32.596Z,6706972667226504,Langworth Group,Online Retail,2555.00,2024-01-10T07:08:32.596Z
5038-6798-9728-7153#2024-01-11T10:23:49.908Z,5038-6798-9728-7153,Quitzon - Bruen,Groceries,1707.00,2024-01-11T10:23:49.908Z
5480-2545-6588-9301#2024-01-30T15:01:01.333Z,5480-2545-6588-9301,Blanda LLC,Fashion,485.00,2024-01-30T15:01:01.333Z
4128116723292#2024-01-10T07:50:54.238Z,4128116723292,Parisian Group,Transportation,961.00,2024-01-10T07:50:54.238Z
6378-4769-8646-2243#2024-01-15T09:54:20.905Z,6378-4769-8646-2243,"Schowalter, Mraz and Mosciski",Food & Drink,1780.00,2024-01-15T09:54:20.905Z
5413-9390-2885-3058#2024-01-16T22:29:46.263Z,5413-9390-2885-3058,Fahey - Jones,Food & Drink,1331.00,2024-01-16T22:29:46.263Z
3479-584456-42961#2024-01-24T03:45:02.094Z,3479-584456-42961,Robel - Wyman,Online Retail,2125.00,2024-01-24T03:45:02.094Z
6390-7616-5592-9687#2024-01-14T12:30:57.167Z,6390-7616-5592-9687,Kuhic and Sons,Groceries,2182.00,2024-01-14T12:30:57.167Z
6382-1502-2579-7347#2024-01-07T10:43:03.039Z,6382-1502-2579-7347,Emard - Hills,Groceries,1492.00,2024-01-07T10:43:03.039Z
6767-0196-5562-8987-263#2024-01-03T00:34:47.845Z,6767-0196-5562-8987-263,"Stracke, Hodkiewicz and Morar",Online Retail,1104.00,2024-01-03T00:34:47.845Z
6496-0422-8559-4701#2024-01-02T01:53:17.120Z,6496-0422-8559-4701,O'Keefe Group,Food & Drink,2200.00,2024-01-02T01:53:17.120Z
67596315759331874741#2024-01-29T06:30:03.638Z,67596315759331874741,Nader - Lebsack,Transportation,2527.00,2024-01-29T06:30:03.638Z
3529-0166-4976-1881#2024-01-20T21:45:42.556Z,3529-0166-4976-1881,"Boyle, Purdy and Ryan",Fashion,2076.00,2024-01-20T21:45:42.556Z
6491-6242-6353-4085-7961#2024-01-06T03:22:34.218Z,6491-6242-6353-4085-7961,Ward and Sons,Online Retail,2751.00,2024-01-06T03:22:34.218Z
3528-8738-0201-1392#2024-01-30T18:18:36.517Z,3528-8738-0201-1392,Rowe and Sons,Transportation,302.00,2024-01-30T18:18:36.517Z
6515-6260-1183-7000-2690#2024-01-27T04:54:41.552Z,6515-6260-1183-7000-2690,"Cassin, Keebler and Hammes",Food & Drink,1137.00,2024-01-27T04:54:41.552Z
3529-4101-5124-9031#2024-01-12T00:13:13.232Z,3529-4101-5124-9031,Stokes Inc,Food & Drink,1725.00,2024-01-12T00:13:13.232Z
4367-1712-7832-3777#2024-01-14T06:19:55.070Z,4367-1712-7832-3777,Nolan Inc,Groceries,2415.00,2024-01-14T06:19:55.070Z
6377-9351-1874-7657#2024-01-25T08:49:28.211Z,6377-9351-1874-7657,"Schowalter, Rohan and Mohr",Food & Drink,2370.00,2024-01-25T08:49:28.211Z
6759-3609-8143-7529-80#2024-01-24T15:45:38.430Z,6759-3609-8143-7529-80,Johnson Group,Transportation,450.00,2024-01-24T15:45:38.430Z
6767-5604-4256-8446-56#2024-01-09T16:01:11.857Z,6767-5604-4256-8446-56,Lind - Jakubowski,Online Retail,1013.00,2024-01-09T16:01:11.857Z
5485-2022-7134-1963#2024-01-02T06:42:19.061Z,5485-2022-7134-1963,Okuneva - Gottlieb,Transportation,2282.00,2024-01-02T06:42:19.061Z
5018-4858-1420-2349#2024-01-11T21:56:41.839Z,5018-4858-1420-2349,Reichert Group,Fashion,1204.00,2024-01-11T21:56:41.839Z
5477-9330-1642-9503#2024-01-06T22:41:43.922Z,5477-9330-1642-9503,"Price, Blick and Boyer",Transportation,2001.00,2024-01-06T22:41:43.922Z
6385-4513-2892-4631#2024-01-20T06:12:38.047Z,6385-4513-2892-4631,Botsford Group,Food & Drink,2443.00,2024-01-20T06:12:38.047Z
6011-6269-9439-8447-9921#2024-01-30T05:13:12.775Z,6011-6269-9439-8447-9921,Weimann - Wolff,Groceries,522.00,2024-01-30T05:13:12.775Z
6304209362667740#2024-01-11T21:53:37.374Z,6304209362667740,"Crooks, Blick and Kiehn",Groceries,1924.00,2024-01-11T21:53:37.374Z
5418-8290-0112-9011#2024-01-21T04:51:23.107Z,5418-8290-0112-9011,Hane Inc,Fashion,773.00,2024-01-21T04:51:23.107Z
6767-0939-4846-3891-02#2024-01-09T03:11:43.861Z,6767-0939-4846-3891-02,Howell LLC,Online Retail,2973.00,2024-01-09T03:11:43.861Z
5020-2285-4883-1041#2024-01-08T08:23:29.860Z,5020-2285-4883-1041,"Trantow, Schaefer and Emmerich",Fashion,2956.00,2024-01-08T08:23:29.860Z
3528-6056-0826-8218#2024-01-13T08:17:00.348Z,3528-6056-0826-8218,"Kozey, Gottlieb and Toy",Fashion,2568.00,2024-01-13T08:17:00.348Z
3529-1966-4547-7417#2024-01-26T04:23:23.741Z,3529-1966-4547-7417,Boyer and Sons,Transportation,2964.00,2024-01-26T04:23:23.741Z
3537-7693-4720-7678#2024-01-09T05:36:31.746Z,3537-7693-4720-7678,Murazik and Sons,Groceries,392.00,2024-01-09T05:36:31.746Z
5020-6854-9265-7591#2024-01-08T21:35:19.158Z,5020-6854-9265-7591,VonRueden - Luettgen,Food & Drink,418.00,2024-01-08T21:35:19.158Z
6378-1751-8144-5223#2024-01-11T03:18:48.340Z,6378-1751-8144-5223,Hauck LLC,Online Retail,2430.00,2024-01-11T03:18:48.340Z
6761-4797-1254-3141#2024-01-20T15:22:00.396Z,6761-4797-1254-3141,"Tromp, Hyatt and Medhurst",Transportation,1788.00,2024-01-20T15:22:00.396Z
6011-5210-6663-6860#2024-01-22T00:30:59.184Z,6011-5210-6663-6860,Fahey Inc,Transportation,2125.00,2024-01-22T00:30:59.184Z
6011-2230-4319-9688#2024-01-17T14:27:18.059Z,6011-2230-4319-9688,Quigley LLC,Online Retail,365.00,2024-01-17T14:27:18.059Z
5430-2451-8808-2309#2024-01-05T11:55:49.204Z,5430-2451-8808-2309,Nikolaus Inc,Fashion,1938.00,2024-01-05T11:55:49.204Z
6709627438848443#2024-01-27T00:36:10.969Z,6709627438848443,Zemlak and Sons,Food & Drink,2377.00,2024-01-27T00:36:10.969Z
4334-2567-2300-2025#2024-01-09T07:19:31.164Z,4334-2567-2300-2025,McKenzie - Senger,Groceries,1805.00,2024-01-09T07:19:31.164Z
6709555922069285#2024-01-11T03:14:50.113Z,6709555922069285,"Balistreri, Orn and Schiller",Food & Drink,1783.00,2024-01-11T03:14:50.113Z
3544-3144-4604-3012#2024-01-15T22:06:41.686Z,3544-3144-4604-3012,Haag Inc,Online Retail,2470.00,2024-01-15T22:06:41.686Z
3490-457904-42185#2024-01-01T09:14:54.460Z,3490-457904-42185,Witting - Nicolas,Food & Drink,1821.00,2024-01-01T09:14:54.460Z
6771339617632506#2024-01-12T09:05:45.162Z,6771339617632506,Grimes - Feest,Groceries,2054.00,2024-01-12T09:05:45.162Z
6767-3563-0750-8172#2024-01-21T04:46:24.665Z,6767-3563-0750-8172,Steuber - Cronin,Transportation,2180.00,2024-01-21T04:46:24.665Z
6771-8976-3978-8556#2024-01-08T02:08:19.667Z,6771-8976-3978-8556,Kreiger Group,Groceries,1278.00,2024-01-08T02:08:19.667Z
6706444262337268#2024-01-14T20:32:37.079Z,6706444262337268,Lueilwitz - Harris,Groceries,2675.00,2024-01-14T20:32:37.079Z
670978564218505785#2024-01-10T08:04:47.677Z,670978564218505785,Little - Macejkovic,Groceries,2424.00,2024-01-10T08:04:47.677Z
6771-8935-9896-3173#2024-01-15T12:41:57.043Z,6771-8935-9896-3173,Kassulke Group,Food & Drink,948.00,2024-01-15T12:41:57.043Z
6759-9549-4051-3268-00#2024-01-18T03:57:09.787Z,6759-9549-4051-3268-00,Murazik - Hirthe,Fashion,2141.00,2024-01-18T03:57:09.787Z
6767-1528-8686-9428#2024-01-30T01:14:21.438Z,6767-1528-8686-9428,Osinski - Kohler,Transportation,2301.00,2024-01-30T01:14:21.438Z
6767-9256-7606-2688#2024-01-28T04:07:55.323Z,6767-9256-7606-2688,Cruickshank - Davis,Online Retail,1890.00,2024-01-28T04:07:55.323Z
6381-4254-6644-0638#2024-01-04T02:13:03.468Z,6381-4254-6644-0638,O'Reilly LLC,Online Retail,2047.00,2024-01-04T02:13:03.468Z
4732-6930-3591-8183#2024-01-28T22:56:38.061Z,4732-6930-3591-8183,"McClure, Okuneva and Rohan",Transportation,1351.00,2024-01-28T22:56:38.061Z
6771-8985-6387-6656#2024-01-05T07:13:39.627Z,6771-8985-6387-6656,"Moore, Nader and Farrell",Transportation,625.00,2024-01-05T07:13:39.627Z
6451-6230-1889-7019-5544#2024-01-03T04:25:57.199Z,6451-6230-1889-7019-5544,Herzog Inc,Groceries,357.00,2024-01-03T04:25:57.199Z
5477-9330-1642-9503#2024-01-21T18:28:55.618Z,5477-9330-1642-9503,"Lebsack, O'Keefe and Pouros",Groceries,972.00,2024-01-21T18:28:55.618Z
5471-0768-6240-5585#2024-01-20T19:06:06.865Z,5471-0768-6240-5585,Schmitt LLC,Food & Drink,1974.00,2024-01-20T19:06:06.865Z
6771375039924758#2024-01-17T15:11:17.442Z,6771375039924758,Cartwright - Spinka,Fashion,1601.00,2024-01-17T15:11:17.442Z
6767-8909-2463-4422-101#2024-01-25T01:20:43.673Z,6767-8909-2463-4422-101,Walter - Fritsch,Transportation,557.00,2024-01-25T01:20:43.673Z
3487-963481-29143#2024-01-25T12:40:38.588Z,3487-963481-29143,"Prohaska, Morissette and Ruecker",Fashion,2317.00,2024-01-25T12:40:38.588Z
6384-4400-2227-9245#2024-01-20T09:42:26.983Z,6384-4400-2227-9245,Harber Group,Online Retail,1898.00,2024-01-20T09:42:26.983Z
6304803387391285624#2024-01-14T02:46:08.574Z,6304803387391285624,Ebert - Johns,Groceries,242.00,2024-01-14T02:46:08.574Z
6767-0196-5562-8987-263#2024-01-03T05:05:25.256Z,6767-0196-5562-8987-263,Simonis - Tillman,Transportation,2133.00,2024-01-03T05:05:25.256Z
3528-0326-8899-9374#2024-01-28T07:29:19.383Z,3528-0326-8899-9374,"Kuvalis, Cassin and Hirthe",Online Retail,2371.00,2024-01-28T07:29:19.383Z
6390-7616-5592-9687#2024-01-12T12:43:46.042Z,6390-7616-5592-9687,"Quigley, Hayes and Stark",Groceries,875.00,2024-01-12T12:43:46.042Z
6767-0009-1222-6860-49#2024-01-24T03:47:02.389Z,6767-0009-1222-6860-49,"Goodwin, Dickens and Christiansen",Transportation,193.00,2024-01-24T03:47:02.389Z
6706433263903087#2024-01-02T11:10:52.390Z,6706433263903087,Jones and Sons,Groceries,921.00,2024-01-02T11:10:52.390Z
3678-701778-2954#2024-01-25T14:03:11.482Z,3678-701778-2954,Lind - Jacobson,Online Retail,273.00,2024-01-25T14:03:11.482Z
3558-1256-4202-3134#2024-01-08T15:30:06.519Z,3558-1256-4202-3134,Rice - Abernathy,Fashion,2576.00,2024-01-08T15:30:06.519Z
3406-428383-46359#2024-01-06T17:42:33.019Z,3406-428383-46359,Powlowski - Oberbrunner,Online Retail,182.00,2024-01-06T17:42:33.019Z
3529-9187-6335-1052#2024-01-11T12:38:53.132Z,3529-9187-6335-1052,"Frami, Johnson and Will",Online Retail,81.00,2024-01-11T12:38:53.132Z
6378-5135-0965-0241#2024-01-18T10:31:14.379Z,6378-5135-0965-0241,Koch - Conn,Food & Drink,50.00,2024-01-18T10:31:14.379Z
6771-8911-3146-1093#2024-01-30T07:33:26.489Z,6771-8911-3146-1093,"Zulauf, Hegmann and Bogisich",Food & Drink,1528.00,2024-01-30T07:33:26.489Z
3529-8444-4914-6692#2024-01-10T22:22:42.976Z,3529-8444-4914-6692,Frami - Lebsack,Fashion,790.00,2024-01-10T22:22:42.976Z
6767-0903-1265-7993#2024-01-09T19:55:57.999Z,6767-0903-1265-7993,Prosacco - Walsh,Online Retail,1108.00,2024-01-09T19:55:57.999Z
3538-4423-5237-1115#2024-01-09T09:12:01.340Z,3538-4423-5237-1115,Fahey - Ferry,Online Retail,529.00,2024-01-09T09:12:01.340Z
6759-0305-1467-6614-84#2024-01-03T17:08:15.256Z,6759-0305-1467-6614-84,Bechtelar - Von,Groceries,1328.00,2024-01-03T17:08:15.256Z
6011-2023-7722-6192#2024-01-26T00:29:47.133Z,6011-2023-7722-6192,Greenholt - Hauck,Fashion,890.00,2024-01-26T00:29:47.133Z
6759-2945-8630-0855-68#2024-01-28T21:08:34.108Z,6759-2945-8630-0855-68,"Skiles, Champlin and Kuhn",Online Retail,1154.00,2024-01-28T21:08:34.108Z
63046735205940492#2024-01-25T07:35:55.567Z,63046735205940492,Hane Inc,Groceries,1953.00,2024-01-25T07:35:55.567Z
3785-783558-44258#2024-01-05T19:51:51.341Z,3785-783558-44258,"Fadel, Kessler and Padberg",Transportation,1714.00,2024-01-05T19:51:51.341Z
6759-7254-4775-6695#2024-01-20T04:21:28.652Z,6759-7254-4775-6695,Considine Inc,Online Retail,1734.00,2024-01-20T04:21:28.652Z
6011-6875-1983-9615#2024-01-04T05:21:10.206Z,6011-6875-1983-9615,"Aufderhar, Wunsch and King",Online Retail,2238.00,2024-01-04T05:21:10.206Z
3552-1083-4189-4977#2024-01-07T05:42:50.427Z,3552-1083-4189-4977,Goldner - Ruecker,Online Retail,2424.00,2024-01-07T05:42:50.427Z
6393-3162-5468-6217#2024-01-01T20:16:44.159Z,6393-3162-5468-6217,"Gottlieb, Kshlerin and Rohan",Online Retail,889.00,2024-01-01T20:16:44.159Z
6706841133060281282#2024-01-15T09:06:31.831Z,6706841133060281282,Littel and Sons,Online Retail,1459.00,2024-01-15T09:06:31.831Z
6378-4769-8646-2243#2024-01-24T20:06:29.163Z,6378-4769-8646-2243,Krajcik Group,Online Retail,188.00,2024-01-24T20:06:29.163Z
6767-1426-5223-0672-19#2024-01-27T09:04:28.573Z,6767-1426-5223-0672-19,Bode - Stehr,Online Retail,106.00,2024-01-27T09:04:28.573Z
6767-7135-9575-5190-738#2024-01-17T12:53:07.405Z,6767-7135-9575-5190-738,Rath Inc,Transportation,91.00,2024-01-17T12:53:07.405Z
677127967772849421#2024-01-30T19:31:08.045Z,677127967772849421,"Schinner, Cassin and Leuschke",Food & Drink,513.00,2024-01-30T19:31:08.045Z
677105199475252325#2024-01-20T09:17:47.805Z,677105199475252325,Boehm and Sons,Fashion,2435.00,2024-01-20T09:17:47.805Z
3712-907167-05692#2024-01-11T13:46:51.432Z,3712-907167-05692,Willms LLC,Fashion,847.00,2024-01-11T13:46:51.432Z
6759-9289-7159-0703-043#2024-01-17T23:25:37.826Z,6759-9289-7159-0703-043,Nienow Group,Online Retail,2532.00,2024-01-17T23:25:37.826Z
3706-950474-13603#2024-01-25T02:50:46.687Z,3706-950474-13603,Hilll LLC,Fashion,325.00,2024-01-25T02:50:46.687Z
5020-2558-4246-3361#2024-01-21T09:06:53.350Z,5020-2558-4246-3361,Moen - Murphy,Transportation,2639.00,2024-01-21T09:06:53.350Z
4461-4866-7586-6961#2024-01-29T08:36:10.100Z,4461-4866-7586-6961,Lindgren Group,Fashion,2812.00,2024-01-29T08:36:10.100Z
5492-1644-5604-4005#2024-01-29T11:04:17.836Z,5492-1644-5604-4005,Torp - Lubowitz,Fashion,994.00,2024-01-29T11:04:17.836Z
6304-5407-0726-1355#2024-01-01T23:55:21.200Z,6304-5407-0726-1355,Volkman Group,Groceries,2490.00,2024-01-01T23:55:21.200Z
6759-7620-6754-5064-44#2024-01-09T00:34:13.150Z,6759-7620-6754-5064-44,Schmeler - Price,Fashion,1093.00,2024-01-09T00:34:13.150Z
6304625963605187#2024-01-14T15:21:16.881Z,6304625963605187,Ernser Group,Transportation,194.00,2024-01-14T15:21:16.881Z
6767-4478-8675-7225-06#2024-01-10T23:20:31.603Z,6767-4478-8675-7225-06,"Conroy, O'Conner and Pouros",Food & Drink,1752.00,2024-01-10T23:20:31.603Z
6759-0305-1467-6614-84#2024-01-12T06:54:38.598Z,6759-0305-1467-6614-84,"Denesik, Connelly and Reichert",Transportation,2702.00,2024-01-12T06:54:38.598Z
6771-8962-5901-9698#2024-01-08T18:59:45.671Z,6771-8962-5901-9698,"Wiegand, Lehner and Carroll",Transportation,1495.00,2024-01-08T18:59:45.671Z
6397-3261-9043-0907#2024-01-13T19:46:33.842Z,6397-3261-9043-0907,Bayer Inc,Transportation,2211.00,2024-01-13T19:46:33.842Z
3528-0326-8899-9374#2024-01-08T12:10:15.899Z,3528-0326-8899-9374,"Daniel, Koss and Bernhard",Transportation,931.00,2024-01-08T12:10:15.899Z
4128116723292#2024-01-30T05:47:46.465Z,4128116723292,"Emmerich, Thiel and Bartell",Online Retail,2367.00,2024-01-30T05:47:46.465Z
6767-4634-4216-0933#2024-01-12T23:56:05.536Z,6767-4634-4216-0933,Mayert Inc,Groceries,454.00,2024-01-12T23:56:05.536Z
4265277513615#2024-01-29T03:49:48.924Z,4265277513615,Parker - Borer,Groceries,2630.00,2024-01-29T03:49:48.924Z
3529-3984-7816-1650#2024-01-13T17:55:33.667Z,3529-3984-7816-1650,"Kunze, Hodkiewicz and Sauer",Fashion,2810.00,2024-01-13T17:55:33.667Z
6759-8853-8882-2490#2024-01-13T12:46:35.328Z,6759-8853-8882-2490,"Roberts, Douglas and Bins",Food & Drink,346.00,2024-01-13T12:46:35.328Z
3626-234612-5200#2024-01-29T11:45:33.528Z,3626-234612-5200,Reinger - Bailey,Groceries,2249.00,2024-01-29T11:45:33.528Z
3685-762083-7519#2024-01-20T23:11:32.456Z,3685-762083-7519,"Bins, Conroy and Rippin",Fashion,2746.00,2024-01-20T23:11:32.456Z
3529-4508-4988-2553#2024-01-14T20:22:32.128Z,3529-4508-4988-2553,"Olson, Fritsch and Hand",Groceries,2097.00,2024-01-14T20:22:32.128Z
6767-4478-8675-7225-06#2024-01-07T15:14:29.073Z,6767-4478-8675-7225-06,MacGyver Inc,Food & Drink,2351.00,2024-01-07T15:14:29.073Z
6767-0903-1265-7993#2024-01-26T12:22:42.686Z,6767-0903-1265-7993,Marquardt Group,Transportation,2438.00,2024-01-26T12:22:42.686Z
6376-9009-7635-8220#2024-01-28T16:26:37.672Z,6376-9009-7635-8220,"Champlin, Grant and Boyer",Fashion,2453.00,2024-01-28T16:26:37.672Z
4906902368764#2024-01-20T04:00:01.962Z,4906902368764,"Hodkiewicz, Hettinger and Rolfson",Food & Drink,2031.00,2024-01-20T04:00:01.962Z
3528-1186-9652-9491#2024-01-06T11:55:18.651Z,3528-1186-9652-9491,"Sauer, O'Hara and Paucek",Transportation,625.00,2024-01-06T11:55:18.651Z
5427-4901-1179-5081#2024-01-05T16:47:13.923Z,5427-4901-1179-5081,Lueilwitz and Sons,Online Retail,2432.00,2024-01-05T16:47:13.923Z
6759-3446-8949-8906-437#2024-01-27T20:09:05.619Z,6759-3446-8949-8906-437,DuBuque - Schaden,Food & Drink,2994.00,2024-01-27T20:09:05.619Z
677117649342998365#2024-01-28T04:02:40.590Z,677117649342998365,Bosco LLC,Groceries,2113.00,2024-01-28T04:02:40.590Z
670998163754069722#2024-01-01T16:22:03.850Z,670998163754069722,Kunze - Hauck,Online Retail,107.00,2024-01-01T16:22:03.850Z
670671792864452933#2024-01-01T08:47:46.890Z,670671792864452933,"Rempel, Gutkowski and Hodkiewicz",Fashion,1940.00,2024-01-01T08:47:46.890Z
670953103680628905#2024-01-15T21:32:24.881Z,670953103680628905,Shields LLC,Online Retail,2922.00,2024-01-15T21:32:24.881Z
6767-1291-5310-3062-353#2024-01-10T23:25:11.041Z,6767-1291-5310-3062-353,Greenholt Group,Fashion,148.00,2024-01-10T23:25:11.041Z
677105199475252325#2024-01-20T03:28:28.971Z,677105199475252325,Luettgen LLC,Food & Drink,1663.00,2024-01-20T03:28:28.971Z
6771-8993-3838-3168#2024-01-13T00:52:48.936Z,6771-8993-3838-3168,"Shields, Heller and Herman",Transportation,2003.00,2024-01-13T00:52:48.936Z
5471-0768-6240-5585#2024-01-18T20:48:31.070Z,5471-0768-6240-5585,Rohan Group,Food & Drink,2319.00,2024-01-18T20:48:31.070Z
3762-830313-59365#2024-01-28T01:15:28.003Z,3762-830313-59365,Reynolds Inc,Transportation,2903.00,2024-01-28T01:15:28.003Z
6370-1591-8352-0728#2024-01-02T22:55:14.140Z,6370-1591-8352-0728,Gulgowski - White,Transportation,2190.00,2024-01-02T22:55:14.140Z
6377-1394-4927-4305#2024-01-15T03:39:56.445Z,6377-1394-4927-4305,Welch Group,Fashion,1622.00,2024-01-15T03:39:56.445Z
3703-495400-89235#2024-01-29T13:06:17.070Z,3703-495400-89235,Kuhlman Inc,Groceries,1330.00,2024-01-29T13:06:17.070Z
3539-3310-7608-2687#2024-01-24T08:15:37.119Z,3539-3310-7608-2687,"Hand, Weimann and Klein",Groceries,311.00,2024-01-24T08:15:37.119Z
6759-3905-5125-4878#2024-01-15T03:00:19.328Z,6759-3905-5125-4878,Murphy - VonRueden,Online Retail,2233.00,2024-01-15T03:00:19.328Z
6384-8106-8447-6687#2024-01-11T11:17:00.450Z,6384-8106-8447-6687,Hoeger - Jakubowski,Online Retail,2888.00,2024-01-11T11:17:00.450Z
6567-2641-3533-9699#2024-01-11T19:46:03.219Z,6567-2641-3533-9699,"Leffler, Lang and Brekke",Food & Drink,2052.00,2024-01-11T19:46:03.219Z
5459-5674-7715-2220#2024-01-13T08:32:30.700Z,5459-5674-7715-2220,Reilly - Feeney,Transportation,1724.00,2024-01-13T08:32:30.700Z
6709600377393804#2024-01-11T16:29:59.959Z,6709600377393804,Langworth Inc,Food & Drink,710.00,2024-01-11T16:29:59.959Z
4932698107794#2024-01-23T21:43:45.362Z,4932698107794,"Fahey, Schroeder and Ondricka",Transportation,699.00,2024-01-23T21:43:45.362Z
5425-1241-8168-2380#2024-01-21T22:41:10.874Z,5425-1241-8168-2380,Mertz - Paucek,Transportation,2291.00,2024-01-21T22:41:10.874Z
3748-499215-76268#2024-01-19T18:04:11.921Z,3748-499215-76268,"Maggio, Parker and McDermott",Food & Drink,1638.00,2024-01-19T18:04:11.921Z
5406-9141-7446-0437#2024-01-03T07:43:28.959Z,5406-9141-7446-0437,Wuckert - Weissnat,Food & Drink,1002.00,2024-01-03T07:43:28.959Z
5020-2285-4883-1041#2024-01-10T08:53:17.192Z,5020-2285-4883-1041,Balistreri Group,Food & Drink,298.00,2024-01-10T08:53:17.192Z
5294-0363-0977-3297#2024-01-23T02:31:50.633Z,5294-0363-0977-3297,Swift Group,Groceries,947.00,2024-01-23T02:31:50.633Z
6759-4158-2326-6953-644#2024-01-15T01:27:25.646Z,6759-4158-2326-6953-644,Christiansen Inc,Food & Drink,2450.00,2024-01-15T01:27:25.646Z
67592255636121025#2024-01-28T07:25:06.942Z,67592255636121025,Lehner - Wintheiser,Online Retail,936.00,2024-01-28T07:25:06.942Z
6767-0903-1265-7993#2024-01-22T04:50:33.370Z,6767-0903-1265-7993,Klein Inc,Fashion,1381.00,2024-01-22T04:50:33.370Z
6767-0450-1225-3733#2024-01-13T01:07:41.697Z,6767-0450-1225-3733,"Stamm, Medhurst and Lakin",Groceries,600.00,2024-01-13T01:07:41.697Z
3529-0925-7344-8563#2024-01-05T15:03:21.590Z,3529-0925-7344-8563,"Hudson, Ward and Blick",Fashion,1612.00,2024-01-05T15:03:21.590Z
670635369294297116#2024-01-22T10:01:28.128Z,670635369294297116,Cartwright - Bauch,Food & Drink,2256.00,2024-01-22T10:01:28.128Z
6771-8968-6086-2809#2024-01-24T08:59:19.994Z,6771-8968-6086-2809,Jacobson Group,Fashion,1120.00,2024-01-24T08:59:19.994Z
4064-4609-5363-1109#2024-01-21T10:25:55.371Z,4064-4609-5363-1109,Yundt and Sons,Online Retail,235.00,2024-01-21T10:25:55.371Z
6767-1528-8686-9428#2024-01-10T10:34:20.634Z,6767-1528-8686-9428,"Abernathy, Smith and Collins",Online Retail,1238.00,2024-01-10T10:34:20.634Z
6771-8984-1309-1977#2024-01-21T00:28:01.425Z,6771-8984-1309-1977,Prohaska Inc,Online Retail,1793.00,2024-01-21T00:28:01.425Z
6378-1751-8144-5223#2024-01-05T00:22:51.747Z,6378-1751-8144-5223,Heller - Doyle,Transportation,2481.00,2024-01-05T00:22:51.747Z
3528-2456-6966-6420#2024-01-21T08:48:22.212Z,3528-2456-6966-6420,Herzog LLC,Groceries,2691.00,2024-01-21T08:48:22.212Z
6304445220044330#2024-01-26T14:18:48.896Z,6304445220044330,Schiller - Williamson,Groceries,1748.00,2024-01-26T14:18:48.896Z
6759-6131-4445-2281-59#2024-01-03T16:17:22.955Z,6759-6131-4445-2281-59,Bashirian - Lakin,Transportation,946.00,2024-01-03T16:17:22.955Z
5296-5533-7774-2747#2024-01-22T07:16:54.372Z,5296-5533-7774-2747,Conn - Beier,Online Retail,2012.00,2024-01-22T07:16:54.372Z
6706732958874283#2024-01-23T12:05:20.824Z,6706732958874283,Wyman - Brekke,Transportation,1339.00,2024-01-23T12:05:20.824Z
6759-1906-3257-2618-31#2024-01-29T16:39:18.189Z,6759-1906-3257-2618-31,Leuschke LLC,Online Retail,1180.00,2024-01-29T16:39:18.189Z
6767-3113-0759-1163-51#2024-01-08T18:27:59.502Z,6767-3113-0759-1163-51,"Grady, McClure and Larkin",Transportation,62.00,2024-01-08T18:27:59.502Z
5453-8869-3162-9748#2024-01-06T23:52:05.735Z,5453-8869-3162-9748,"Robel, Corwin and Okuneva",Transportation,885.00,2024-01-06T23:52:05.735Z
67595226300260845962#2024-01-03T03:14:45.468Z,67595226300260845962,"DuBuque, Goldner and Kirlin",Transportation,2981.00,2024-01-03T03:14:45.468Z
6759-1368-2495-5688#2024-01-09T13:48:14.952Z,6759-1368-2495-5688,Goyette and Sons,Groceries,25.00,2024-01-09T13:48:14.952Z
5568-5070-4021-1671#2024-01-12T23:57:40.531Z,5568-5070-4021-1671,Schinner LLC,Transportation,1572.00,2024-01-12T23:57:40.531Z
3020-711359-3045#2024-01-29T06:38:02.581Z,3020-711359-3045,Dietrich - Grant,Fashion,590.00,2024-01-29T06:38:02.581Z
6759-2945-8630-0855-68#2024-01-08T01:22:03.453Z,6759-2945-8630-0855-68,Deckow - Johnson,Groceries,742.00,2024-01-08T01:22:03.453Z
3732-358139-67065#2024-01-10T12:36:03.929Z,3732-358139-67065,Cartwright and Sons,Online Retail,2631.00,2024-01-10T12:36:03.929Z
677119865814565734#2024-01-11T13:43:16.540Z,677119865814565734,Romaguera LLC,Groceries,403.00,2024-01-11T13:43:16.540Z
6011-6282-7408-0708-8753#2024-01-03T15:23:25.399Z,6011-6282-7408-0708-8753,"Mayert, Kuhn and Doyle",Groceries,16.00,2024-01-03T15:23:25.399Z
6767-6232-2428-5824#2024-01-10T20:51:35.706Z,6767-6232-2428-5824,Murphy Inc,Food & Drink,155.00,2024-01-10T20:51:35.706Z
6378-4769-8646-2243#2024-01-30T00:34:08.513Z,6378-4769-8646-2243,"Goyette, Quigley and Lesch",Fashion,1747.00,2024-01-30T00:34:08.513Z
5453-8869-3162-9748#2024-01-13T03:44:24.135Z,5453-8869-3162-9748,West Inc,Fashion,1884.00,2024-01-13T03:44:24.135Z
3413-789971-00639#2024-01-08T13:02:31.751Z,3413-789971-00639,Cartwright Group,Food & Drink,1358.00,2024-01-08T13:02:31.751Z
5018624978271589#2024-01-17T07:49:01.654Z,5018624978271589,Murphy Group,Transportation,2462.00,2024-01-17T07:49:01.654Z
3455-220646-83888#2024-01-24T08:00:49.191Z,3455-220646-83888,"Rogahn, Ernser and Leffler",Food & Drink,1187.00,2024-01-24T08:00:49.191Z
5409-3231-1391-8629#2024-01-22T02:51:57.840Z,5409-3231-1391-8629,Kub - Johnson,Online Retail,307.00,2024-01-22T02:51:57.840Z
6759-4095-2594-8072-02#2024-01-25T22:16:12.830Z,6759-4095-2594-8072-02,Kautzer - Kutch,Fashion,1912.00,2024-01-25T22:16:12.830Z
6510-6232-9852-8476-7554#2024-01-12T07:18:36.702Z,6510-6232-9852-8476-7554,Carroll - Tillman,Groceries,356.00,2024-01-12T07:18:36.702Z
3454-141266-72432#2024-01-02T00:19:22.646Z,3454-141266-72432,"DuBuque, Conroy and Huels",Fashion,2586.00,2024-01-02T00:19:22.646Z
5038-6798-9728-7153#2024-01-06T19:31:22.021Z,5038-6798-9728-7153,Schamberger Inc,Transportation,1774.00,2024-01-06T19:31:22.021Z
4462364688257#2024-01-22T19:19:18.632Z,4462364688257,Yundt - Lockman,Groceries,1775.00,2024-01-22T19:19:18.632Z
3611-885367-0345#2024-01-08T18:05:27.358Z,3611-885367-0345,Crist Group,Online Retail,2147.00,2024-01-08T18:05:27.358Z
3528-2213-8010-2573#2024-01-04T02:22:04.937Z,3528-2213-8010-2573,Lynch - Doyle,Fashion,1608.00,2024-01-04T02:22:04.937Z
6767-4209-2340-4069-539#2024-01-23T11:18:10.745Z,6767-4209-2340-4069-539,"Strosin, Hoeger and Harris",Food & Drink,812.00,2024-01-23T11:18:10.745Z
6011-6216-1583-5564-1710#2024-01-23T11:52:08.553Z,6011-6216-1583-5564-1710,Kohler - Kulas,Fashion,2118.00,2024-01-23T11:52:08.553Z
3558-7652-5855-6818#2024-01-24T10:09:10.289Z,3558-7652-5855-6818,"Ledner, Armstrong and Hand",Online Retail,1976.00,2024-01-24T10:09:10.289Z
5020-9465-8633-6504#2024-01-15T08:50:02.659Z,5020-9465-8633-6504,Raynor and Sons,Groceries,2667.00,2024-01-15T08:50:02.659Z
3452-749292-62793#2024-01-23T12:09:48.701Z,3452-749292-62793,"Mayert, Krajcik and Conn",Fashion,472.00,2024-01-23T12:09:48.701Z
3732-358139-67065#2024-01-20T00:57:33.553Z,3732-358139-67065,"Wilkinson, MacGyver and Reinger",Fashion,2901.00,2024-01-20T00:57:33.553Z
6384-8106-8447-6687#2024-01-19T00:22:48.155Z,6384-8106-8447-6687,Koelpin - Bauch,Groceries,1299.00,2024-01-19T00:22:48.155Z
6767-5296-0749-8624-859#2024-01-01T23:38:56.365Z,6767-5296-0749-8624-859,Blanda - Konopelski,Food & Drink,1383.00,2024-01-01T23:38:56.365Z
6759-9289-5832-4989-52#2024-01-18T02:40:14.846Z,6759-9289-5832-4989-52,"Zulauf, West and Nicolas",Food & Drink,2978.00,2024-01-18T02:40:14.846Z
6759-4588-3290-0229#2024-01-26T15:13:28.702Z,6759-4588-3290-0229,"Parker, Heidenreich and Schaden",Transportation,761.00,2024-01-26T15:13:28.702Z
5018-4858-1420-2349#2024-01-05T07:17:29.091Z,5018-4858-1420-2349,"Mueller, Jakubowski and Bartell",Food & Drink,378.00,2024-01-05T07:17:29.091Z
6709555922069285#2024-01-30T05:54:59.244Z,6709555922069285,"Bogan, Labadie and Kuhlman",Fashion,272.00,2024-01-30T05:54:59.244Z
6767-7591-0428-7322#2024-01-10T19:24:42.685Z,6767-7591-0428-7322,Roob - Langworth,Online Retail,1357.00,2024-01-10T19:24:42.685Z
6395-3960-2473-9783#2024-01-10T09:39:30.154Z,6395-3960-2473-9783,O'Keefe and Sons,Food & Drink,1085.00,2024-01-10T09:39:30.154Z
6759-4588-3290-0229#2024-01-07T00:06:58.835Z,6759-4588-3290-0229,Donnelly - Jakubowski,Fashion,503.00,2024-01-07T00:06:58.835Z
6771-8958-7718-6954#2024-01-24T18:50:43.355Z,6771-8958-7718-6954,Orn - Waelchi,Online Retail,1733.00,2024-01-24T18:50:43.355Z
6767-7389-0449-3415-574#2024-01-13T14:46:47.587Z,6767-7389-0449-3415-574,Ward Inc,Online Retail,1673.00,2024-01-13T14:46:47.587Z
5485-2022-7134-1963#2024-01-07T01:40:52.379Z,5485-2022-7134-1963,Effertz - Runolfsdottir,Transportation,1611.00,2024-01-07T01:40:52.379Z
6011-2230-4319-9688#2024-01-29T15:20:56.147Z,6011-2230-4319-9688,DuBuque LLC,Groceries,2380.00,2024-01-29T15:20:56.147Z
6397-3727-6429-9054#2024-01-18T10:46:54.432Z,6397-3727-6429-9054,Christiansen and Sons,Transportation,2681.00,2024-01-18T10:46:54.432Z
3740-228591-59826#2024-01-26T16:42:08.780Z,3740-228591-59826,"Gorczany, O'Reilly and Tromp",Food & Drink,1891.00,2024-01-26T16:42:08.780Z
63045943982915841#2024-01-05T22:56:22.158Z,63045943982915841,Lindgren LLC,Fashion,428.00,2024-01-05T22:56:22.158Z
6389-6739-0481-9069#2024-01-30T13:02:09.397Z,6389-6739-0481-9069,Bergstrom - Hansen,Transportation,2487.00,2024-01-30T13:02:09.397Z
67590293294770496#2024-01-26T16:11:23.536Z,67590293294770496,Lang Group,Groceries,536.00,2024-01-26T16:11:23.536Z
6771339617632506#2024-01-12T18:13:04.901Z,6771339617632506,"Lehner, Waters and Hegmann",Online Retail,1480.00,2024-01-12T18:13:04.901Z
3556-1124-2433-2851#2024-01-21T13:11:45.432Z,3556-1124-2433-2851,"Wintheiser, Gutkowski and Schmitt",Transportation,1424.00,2024-01-21T13:11:45.432Z
6377-5617-6101-2809#2024-01-25T10:51:16.182Z,6377-5617-6101-2809,Brakus - Jacobs,Transportation,1377.00,2024-01-25T10:51:16.182Z
6771598839034649#2024-01-25T18:55:42.297Z,6771598839034649,Beier LLC,Groceries,2550.00,2024-01-25T18:55:42.297Z
6759-8816-1481-9761-29#2024-01-02T18:19:33.223Z,6759-8816-1481-9761-29,"Schaden, Bergnaum and Fay",Groceries,1008.00,2024-01-02T18:19:33.223Z
6371-3869-8253-3771#2024-01-03T08:49:50.368Z,6371-3869-8253-3771,Hyatt Group,Transportation,1905.00,2024-01-03T08:49:50.368Z
6451-6230-1889-7019-5544#2024-01-26T22:41:45.352Z,6451-6230-1889-7019-5544,Reichert - Luettgen,Groceries,1264.00,2024-01-26T22:41:45.352Z
6304-2333-3258-4884#2024-01-28T23:51:28.873Z,6304-2333-3258-4884,Stoltenberg - Sanford,Food & Drink,2713.00,2024-01-28T23:51:28.873Z
3736-489918-12137#2024-01-08T21:22:57.671Z,3736-489918-12137,"Kohler, Gutmann and Macejkovic",Online Retail,786.00,2024-01-08T21:22:57.671Z
50209993678638154300#2024-01-15T04:40:50.967Z,50209993678638154300,Thompson - Torp,Online Retail,62.00,2024-01-15T04:40:50.967Z
6767-9577-6148-7296-731#2024-01-29T04:39:17.423Z,6767-9577-6148-7296-731,"Bernhard, Kreiger and Casper",Fashion,2484.00,2024-01-29T04:39:17.423Z
6392-2238-8272-4660#2024-01-22T15:40:41.211Z,6392-2238-8272-4660,Reichel LLC,Fashion,1035.00,2024-01-22T15:40:41.211Z
3528-7871-5689-4734#2024-01-21T09:26:20.399Z,3528-7871-5689-4734,Rice - Fisher,Transportation,2951.00,2024-01-21T09:26:20.399Z
6771-8999-2716-7378#2024-01-21T11:30:00.028Z,6771-8999-2716-7378,"Kassulke, Nicolas and Larkin",Online Retail,162.00,2024-01-21T11:30:00.028Z
5485-2022-7134-1963#2024-01-25T17:55:28.388Z,5485-2022-7134-1963,Legros - Tromp,Fashion,2905.00,2024-01-25T17:55:28.388Z
6011-7577-5507-4670#2024-01-24T12:42:18.107Z,6011-7577-5507-4670,Murray LLC,Groceries,670.00,2024-01-24T12:42:18.107Z
5297-9995-6683-1289#2024-01-10T09:53:26.065Z,5297-9995-6683-1289,Gusikowski - Schumm,Online Retail,2779.00,2024-01-10T09:53:26.065Z
5492-1644-5604-4005#2024-01-26T08:30:03.556Z,5492-1644-5604-4005,Corkery - Hayes,Transportation,2311.00,2024-01-26T08:30:03.556Z
6759-6108-1252-6674-945#2024-01-05T02:47:39.506Z,6759-6108-1252-6674-945,"Witting, Monahan and Corkery",Online Retail,1226.00,2024-01-05T02:47:39.506Z
3689-484391-0336#2024-01-02T23:32:26.216Z,3689-484391-0336,Swaniawski - Corkery,Transportation,1783.00,2024-01-02T23:32:26.216Z
6759-5454-3847-0266-18#2024-01-17T21:05:16.746Z,6759-5454-3847-0266-18,Mraz and Sons,Fashion,1082.00,2024-01-17T21:05:16.746Z
6759-2472-1773-6997#2024-01-20T09:55:28.605Z,6759-2472-1773-6997,Weissnat and Sons,Groceries,2495.00,2024-01-20T09:55:28.605Z
6767-3882-5216-9940#2024-01-08T02:31:13.672Z,6767-3882-5216-9940,Quitzon - Berge,Fashion,1967.00,2024-01-08T02:31:13.672Z
6709846112904542#2024-01-12T21:14:34.651Z,6709846112904542,Bernhard and Sons,Transportation,141.00,2024-01-12T21:14:34.651Z
3495-593513-43863#2024-01-21T21:53:56.488Z,3495-593513-43863,"Schmitt, McDermott and Jones",Transportation,1850.00,2024-01-21T21:53:56.488Z
5453-8869-3162-9748#2024-01-28T19:26:54.684Z,5453-8869-3162-9748,Leuschke Group,Groceries,1452.00,2024-01-28T19:26:54.684Z
6767-4016-7829-2665#2024-01-28T09:38:02.263Z,6767-4016-7829-2665,"Shanahan, Pacocha and Kulas",Online Retail,1878.00,2024-01-28T09:38:02.263Z
6762036994417896#2024-01-14T02:37:43.908Z,6762036994417896,Walsh Inc,Food & Drink,1812.00,2024-01-14T02:37:43.908Z
6391-9907-6581-2959#2024-01-19T03:26:14.817Z,6391-9907-6581-2959,Kohler and Sons,Food & Drink,1866.00,2024-01-19T03:26:14.817Z
6767-8759-3957-4851-332#2024-01-09T07:17:12.649Z,6767-8759-3957-4851-332,Ebert - Russel,Transportation,251.00,2024-01-09T07:17:12.649Z
6709860868908706#2024-01-08T08:19:44.353Z,6709860868908706,Rowe and Sons,Fashion,962.00,2024-01-08T08:19:44.353Z
4334-2567-2300-2025#2024-01-08T05:50:57.773Z,4334-2567-2300-2025,Legros - Rogahn,Fashion,687.00,2024-01-08T05:50:57.773Z
3528-7871-5689-4734#2024-01-22T13:04:38.398Z,3528-7871-5689-4734,Quigley Group,Food & Drink,987.00,2024-01-22T13:04:38.398Z
6767-5604-4256-8446-56#2024-01-16T06:50:53.417Z,6767-5604-4256-8446-56,"Koelpin, Graham and Zulauf",Online Retail,1878.00,2024-01-16T06:50:53.417Z
6456-6285-1651-1854-5557#2024-01-29T06:33:18.187Z,6456-6285-1651-1854-5557,"Denesik, Kozey and Lemke",Groceries,744.00,2024-01-29T06:33:18.187Z
58936602728334137#2024-01-15T10:33:54.707Z,58936602728334137,"Kohler, Olson and Watsica",Online Retail,1570.00,2024-01-15T10:33:54.707Z
6771574575855335060#2024-01-30T06:38:30.616Z,6771574575855335060,"Bogisich, Stroman and Osinski",Fashion,2371.00,2024-01-30T06:38:30.616Z
5038-0301-1834-0407#2024-01-19T18:57:44.462Z,5038-0301-1834-0407,Quigley and Sons,Groceries,2831.00,2024-01-19T18:57:44.462Z
3645-197812-4421#2024-01-21T17:52:06.029Z,3645-197812-4421,"Bechtelar, Okuneva and Schaefer",Food & Drink,4.00,2024-01-21T17:52:06.029Z
3712-907167-05692#2024-01-03T06:35:26.845Z,3712-907167-05692,Hauck Group,Groceries,1069.00,2024-01-03T06:35:26.845Z
6011-6214-4806-5278-3942#2024-01-16T00:28:41.561Z,6011-6214-4806-5278-3942,Schneider - Goyette,Transportation,1442.00,2024-01-16T00:28:41.561Z
5020-6347-2247-4963#2024-01-25T02:42:58.720Z,5020-6347-2247-4963,Gutmann Group,Groceries,2694.00,2024-01-25T02:42:58.720Z
3431-798210-92648#2024-01-25T08:13:20.691Z,3431-798210-92648,"Adams, Auer and Hickle",Food & Drink,1889.00,2024-01-25T08:13:20.691Z
6762036994417896#2024-01-05T19:49:34.596Z,6762036994417896,Stroman and Sons,Transportation,2985.00,2024-01-05T19:49:34.596Z
3528-6056-0826-8218#2024-01-15T23:01:10.936Z,3528-6056-0826-8218,Bahringer Inc,Online Retail,1309.00,2024-01-15T23:01:10.936Z
6767-4745-2118-7896-949#2024-01-11T04:54:14.712Z,6767-4745-2118-7896-949,"Lind, Gottlieb and VonRueden",Online Retail,2120.00,2024-01-11T04:54:14.712Z
6530-1825-9329-5191#2024-01-22T16:30:56.985Z,6530-1825-9329-5191,Davis - Lockman,Fashion,2771.00,2024-01-22T16:30:56.985Z
6304865770852222#2024-01-12T02:57:46.357Z,6304865770852222,Nader - Blick,Online Retail,173.00,2024-01-12T02:57:46.357Z
6771-8974-5217-1724#2024-01-12T00:23:06.921Z,6771-8974-5217-1724,Weimann - Thompson,Transportation,1762.00,2024-01-12T00:23:06.921Z
5430-2451-8808-2309#2024-01-09T12:32:59.513Z,5430-2451-8808-2309,Quigley - Gulgowski,Transportation,80.00,2024-01-09T12:32:59.513Z
4069-3510-4817-8062#2024-01-30T05:50:38.586Z,4069-3510-4817-8062,"Mraz, Waelchi and Hessel",Transportation,2618.00,2024-01-30T05:50:38.586Z
6759-7254-4775-6695#2024-01-29T23:57:35.966Z,6759-7254-4775-6695,Kertzmann LLC,Transportation,1414.00,2024-01-29T23:57:35.966Z
6549-6208-4558-8625-9132#2024-01-15T19:36:12.364Z,6549-6208-4558-8625-9132,Grant - Schmidt,Transportation,691.00,2024-01-15T19:36:12.364Z
3528-8755-8628-1265#2024-01-29T01:42:51.854Z,3528-8755-8628-1265,"Cummings, Pagac and Anderson",Food & Drink,1606.00,2024-01-29T01:42:51.854Z
6771089623574980333#2024-01-26T15:10:34.751Z,6771089623574980333,Spinka LLC,Food & Drink,2382.00,2024-01-26T15:10:34.751Z
6304710496944780#2024-01-04T10:33:24.197Z,6304710496944780,Bernier - Berge,Transportation,2531.00,2024-01-04T10:33:24.197Z
6011-0893-9186-0191#2024-01-17T18:14:42.589Z,6011-0893-9186-0191,Schultz Inc,Food & Drink,1607.00,2024-01-17T18:14:42.589Z
670671792864452933#2024-01-18T16:07:12.502Z,670671792864452933,Wiza - Kub,Fashion,2085.00,2024-01-18T16:07:12.502Z
5038-9569-1667-8350#2024-01-23T19:44:40.283Z,5038-9569-1667-8350,"Jenkins, Harvey and Willms",Fashion,2522.00,2024-01-23T19:44:40.283Z
6706115884771385692#2024-01-03T06:37:27.151Z,6706115884771385692,Leuschke - Schultz,Transportation,1516.00,2024-01-03T06:37:27.151Z
6759-4570-4293-1758-02#2024-01-12T02:27:50.052Z,6759-4570-4293-1758-02,Kshlerin - Turner,Groceries,1080.00,2024-01-12T02:27:50.052Z
6767-7591-0428-7322#2024-01-02T04:08:06.968Z,6767-7591-0428-7322,Stark LLC,Food & Drink,1648.00,2024-01-02T04:08:06.968Z
6759-9289-7159-0703-043#2024-01-06T10:59:04.673Z,6759-9289-7159-0703-043,"Rau, Hirthe and Watsica",Fashion,71.00,2024-01-06T10:59:04.673Z
3584-0318-6077-3210#2024-01-15T00:29:12.840Z,3584-0318-6077-3210,O'Kon - Rippin,Fashion,1722.00,2024-01-15T00:29:12.840Z
5038-9887-9675-3383#2024-01-14T19:42:06.361Z,5038-9887-9675-3383,"Ratke, Davis and Senger",Transportation,2073.00,2024-01-14T19:42:06.361Z
5038964809159821969#2024-01-28T21:49:23.849Z,5038964809159821969,"Thompson, Collier and Wisoky",Online Retail,1332.00,2024-01-28T21:49:23.849Z
6759-9347-1911-4402-21#2024-01-25T07:07:33.304Z,6759-9347-1911-4402-21,Moen - Douglas,Food & Drink,2311.00,2024-01-25T07:07:33.304Z
63046735205940492#2024-01-05T04:30:38.709Z,63046735205940492,"Sawayn, Bergnaum and Kub",Food & Drink,1931.00,2024-01-05T04:30:38.709Z
6759-6721-2487-4750-64#2024-01-11T08:27:43.414Z,6759-6721-2487-4750-64,Johns and Sons,Groceries,1960.00,2024-01-11T08:27:43.414Z
5293-2822-9815-5341#2024-01-25T08:38:45.329Z,5293-2822-9815-5341,"Torp, Hodkiewicz and Wyman",Groceries,2830.00,2024-01-25T08:38:45.329Z
3433-724221-11244#2024-01-01T04:58:37.807Z,3433-724221-11244,Renner Group,Transportation,37.00,2024-01-01T04:58:37.807Z
677127967772849421#2024-01-14T20:47:59.565Z,677127967772849421,Christiansen and Sons,Groceries,2706.00,2024-01-14T20:47:59.565Z
6011-5210-6663-6860#2024-01-19T03:27:52.155Z,6011-5210-6663-6860,Schinner and Sons,Fashion,2911.00,2024-01-19T03:27:52.155Z
6771-8912-0666-2427#2024-01-03T09:47:30.916Z,6771-8912-0666-2427,"Sawayn, Lebsack and Bogisich",Transportation,552.00,2024-01-03T09:47:30.916Z
6759-0126-8962-6542#2024-01-16T15:55:04.769Z,6759-0126-8962-6542,Balistreri Inc,Online Retail,1893.00,2024-01-16T15:55:04.769Z
6384-8106-8447-6687#2024-01-16T10:33:52.228Z,6384-8106-8447-6687,Daniel and Sons,Transportation,218.00,2024-01-16T10:33:52.228Z
6396-7914-5536-5042#2024-01-27T17:34:26.647Z,6396-7914-5536-5042,Bednar - Gleason,Groceries,1410.00,2024-01-27T17:34:26.647Z
6706433263903087#2024-01-27T18:55:54.607Z,6706433263903087,Rippin and Sons,Groceries,349.00,2024-01-27T18:55:54.607Z
5431-2435-2876-1160#2024-01-26T11:17:36.934Z,5431-2435-2876-1160,"Kohler, Jacobi and Wiza",Online Retail,2829.00,2024-01-26T11:17:36.934Z
670671792864452933#2024-01-16T18:49:01.312Z,670671792864452933,Stoltenberg Inc,Transportation,2109.00,2024-01-16T18:49:01.312Z
6771-8913-3841-1693#2024-01-14T13:14:15.404Z,6771-8913-3841-1693,Raynor Inc,Groceries,2858.00,2024-01-14T13:14:15.404Z
4822-1929-9115-8364#2024-01-14T04:59:41.101Z,4822-1929-9115-8364,Ryan - Champlin,Food & Drink,2306.00,2024-01-14T04:59:41.101Z
6385-5902-4864-2078#2024-01-18T17:41:32.854Z,6385-5902-4864-2078,Barton - Reynolds,Groceries,1557.00,2024-01-18T17:41:32.854Z
6767-2984-4922-6067#2024-01-25T10:52:02.668Z,6767-2984-4922-6067,McGlynn LLC,Fashion,1858.00,2024-01-25T10:52:02.668Z
6759-4158-2326-6953-644#2024-01-14T16:40:33.204Z,6759-4158-2326-6953-644,Jast LLC,Transportation,2820.00,2024-01-14T16:40:33.204Z
3528-2213-8010-2573#2024-01-13T02:12:20.329Z,3528-2213-8010-2573,Lubowitz LLC,Fashion,2171.00,2024-01-13T02:12:20.329Z
6759-1750-1423-4447#2024-01-25T05:37:11.394Z,6759-1750-1423-4447,Funk Group,Groceries,1282.00,2024-01-25T05:37:11.394Z
6759-0305-1467-6614-84#2024-01-28T11:17:22.427Z,6759-0305-1467-6614-84,"Luettgen, Haag and Satterfield",Food & Drink,318.00,2024-01-28T11:17:22.427Z
6771-8993-3838-3168#2024-01-08T12:28:10.574Z,6771-8993-3838-3168,Roberts - Johnson,Food & Drink,1845.00,2024-01-08T12:28:10.574Z
6771661395977369#2024-01-17T13:37:32.754Z,6771661395977369,Daniel Inc,Groceries,1340.00,2024-01-17T13:37:32.754Z
5020-2558-4246-3361#2024-01-05T05:42:11.026Z,5020-2558-4246-3361,Stracke Group,Transportation,1388.00,2024-01-05T05:42:11.026Z
6759-0654-4063-5011-724#2024-01-12T22:34:20.944Z,6759-0654-4063-5011-724,"Feest, Ziemann and Wisoky",Fashion,2087.00,2024-01-12T22:34:20.944Z
3537-0520-8214-7072#2024-01-08T20:52:23.196Z,3537-0520-8214-7072,Rau - Denesik,Transportation,2033.00,2024-01-08T20:52:23.196Z
6767-7243-3942-0650#2024-01-08T08:10:46.570Z,6767-7243-3942-0650,Rice Inc,Groceries,734.00,2024-01-08T08:10:46.570Z
3405-027969-19441#2024-01-07T23:52:11.127Z,3405-027969-19441,"Schmitt, Stehr and Ankunding",Fashion,1547.00,2024-01-07T23:52:11.127Z
6767-8723-4927-9575-124#2024-01-22T18:09:02.331Z,6767-8723-4927-9575-124,Mohr Group,Food & Drink,1571.00,2024-01-22T18:09:02.331Z
5545-5378-4471-5302#2024-01-24T18:36:11.307Z,5545-5378-4471-5302,"Sawayn, Upton and Abbott",Fashion,1950.00,2024-01-24T18:36:11.307Z
3043-033616-0422#2024-01-16T12:15:26.556Z,3043-033616-0422,"Wehner, Lehner and McClure",Transportation,1404.00,2024-01-16T12:15:26.556Z
6759-6143-3008-1096-79#2024-01-18T13:07:49.117Z,6759-6143-3008-1096-79,"Rice, Osinski and Bernhard",Food & Drink,899.00,2024-01-18T13:07:49.117Z
3055-576862-6175#2024-01-19T18:40:38.408Z,3055-576862-6175,Abshire - Jast,Groceries,1344.00,2024-01-19T18:40:38.408Z
6374-6986-5779-7318#2024-01-01T15:38:13.307Z,6374-6986-5779-7318,Wiza Inc,Fashion,2987.00,2024-01-01T15:38:13.307Z
6759-6663-2511-5361-876#2024-01-10T13:11:24.866Z,6759-6663-2511-5361-876,Barrows - Glover,Transportation,1850.00,2024-01-10T13:11:24.866Z
3624-995966-7321#2024-01-02T04:04:54.111Z,3624-995966-7321,Dare - Wolff,Food & Drink,604.00,2024-01-02T04:04:54.111Z
5020061186672680226#2024-01-22T19:07:37.048Z,5020061186672680226,Lemke - Crist,Fashion,830.00,2024-01-22T19:07:37.048Z
3529-8552-8364-6795#2024-01-21T02:09:17.949Z,3529-8552-8364-6795,Erdman LLC,Fashion,2064.00,2024-01-21T02:09:17.949Z
6011-0597-2619-5233#2024-01-08T13:25:01.218Z,6011-0597-2619-5233,Reinger LLC,Fashion,898.00,2024-01-08T13:25:01.218Z
6011-9472-3511-5611#2024-01-02T21:23:39.154Z,6011-9472-3511-5611,Breitenberg and Sons,Online Retail,505.00,2024-01-02T21:23:39.154Z
3741-562672-09771#2024-01-27T09:22:11.884Z,3741-562672-09771,Kuvalis - Dicki,Groceries,1965.00,2024-01-27T09:22:11.884Z
6706576805512955800#2024-01-24T15:19:35.491Z,6706576805512955800,"Veum, Hermiston and Connelly",Online Retail,2454.00,2024-01-24T15:19:35.491Z
6759-2945-8630-0855-68#2024-01-21T10:06:16.975Z,6759-2945-8630-0855-68,Pouros - Bauch,Transportation,175.00,2024-01-21T10:06:16.975Z
6709625342023954#2024-01-17T15:40:58.607Z,6709625342023954,Thiel - Emmerich,Transportation,234.00,2024-01-17T15:40:58.607Z
4450-6391-2948-0192#2024-01-13T21:49:59.569Z,4450-6391-2948-0192,Keebler Inc,Online Retail,852.00,2024-01-13T21:49:59.569Z
502079296207277646#2024-01-21T09:43:48.720Z,502079296207277646,Marks Inc,Food & Drink,1401.00,2024-01-21T09:43:48.720Z
6380-0993-3644-0101#2024-01-16T23:15:28.276Z,6380-0993-3644-0101,Haag Group,Fashion,2964.00,2024-01-16T23:15:28.276Z
3528-5107-9789-9007#2024-01-27T07:01:44.118Z,3528-5107-9789-9007,Kovacek Group,Transportation,2716.00,2024-01-27T07:01:44.118Z
6759-6144-9761-2034#2024-01-06T14:44:52.996Z,6759-6144-9761-2034,"Wiza, D'Amore and Dibbert",Food & Drink,2482.00,2024-01-06T14:44:52.996Z
6706617094295073#2024-01-29T06:57:24.668Z,6706617094295073,"Nikolaus, Considine and White",Groceries,2604.00,2024-01-29T06:57:24.668Z
4459-2168-4521-2307#2024-01-08T23:16:05.843Z,4459-2168-4521-2307,"Kirlin, King and Rosenbaum",Online Retail,735.00,2024-01-08T23:16:05.843Z
63047096915870156790#2024-01-19T05:39:54.753Z,63047096915870156790,Cartwright - Grimes,Food & Drink,1256.00,2024-01-19T05:39:54.753Z
6011-1696-9245-6244#2024-01-28T07:59:54.985Z,6011-1696-9245-6244,Haley - Howe,Groceries,2301.00,2024-01-28T07:59:54.985Z
6771-8974-5217-1724#2024-01-17T16:19:10.511Z,6771-8974-5217-1724,Lind - Durgan,Fashion,975.00,2024-01-17T16:19:10.511Z
3781-548539-86783#2024-01-30T23:08:53.519Z,3781-548539-86783,Metz and Sons,Fashion,282.00,2024-01-30T23:08:53.519Z
5471-0768-6240-5585#2024-01-09T06:36:24.308Z,5471-0768-6240-5585,Wilderman - Schaefer,Fashion,1324.00,2024-01-09T06:36:24.308Z
3537-4451-1064-2447#2024-01-08T07:41:42.306Z,3537-4451-1064-2447,"Smitham, Borer and Reichel",Online Retail,1344.00,2024-01-08T07:41:42.306Z
6759-2625-8746-8824#2024-01-22T18:02:26.382Z,6759-2625-8746-8824,"Hoppe, Rempel and Bogisich",Food & Drink,606.00,2024-01-22T18:02:26.382Z
3528-2213-8010-2573#2024-01-29T02:51:37.993Z,3528-2213-8010-2573,"Bogisich, MacGyver and Kemmer",Groceries,2871.00,2024-01-29T02:51:37.993Z
677117649342998365#2024-01-03T17:47:29.795Z,677117649342998365,Yost - Champlin,Fashion,2199.00,2024-01-03T17:47:29.795Z
6767-2372-9035-7589-91#2024-01-24T21:13:23.922Z,6767-2372-9035-7589-91,Kemmer - Dare,Fashion,530.00,2024-01-24T21:13:23.922Z
3023-233853-1232#2024-01-13T03:59:31.447Z,3023-233853-1232,Mante Inc,Groceries,536.00,2024-01-13T03:59:31.447Z
50186048409279627#2024-01-30T05:13:33.928Z,50186048409279627,Kassulke Group,Food & Drink,1469.00,2024-01-30T05:13:33.928Z
6706841133060281282#2024-01-17T19:51:21.364Z,6706841133060281282,Kohler - Dickens,Groceries,2724.00,2024-01-17T19:51:21.364Z
6767-5036-8296-2442-062#2024-01-28T05:34:36.233Z,6767-5036-8296-2442-062,Wuckert - Herman,Transportation,2677.00,2024-01-28T05:34:36.233Z
3529-1966-4547-7417#2024-01-08T22:39:38.462Z,3529-1966-4547-7417,"Shields, Block and Schinner",Food & Drink,2674.00,2024-01-08T22:39:38.462Z
6011-6282-7408-0708-8753#2024-01-17T03:38:13.199Z,6011-6282-7408-0708-8753,Haley - Bernier,Online Retail,1930.00,2024-01-17T03:38:13.199Z
3741-562672-09771#2024-01-18T20:04:55.751Z,3741-562672-09771,Koss - Will,Transportation,678.00,2024-01-18T20:04:55.751Z
3624-995966-7321#2024-01-07T01:07:40.755Z,3624-995966-7321,Legros - Conroy,Transportation,2275.00,2024-01-07T01:07:40.755Z
6771477610798658#2024-01-28T19:46:06.791Z,6771477610798658,"Abbott, Nader and Powlowski",Online Retail,2193.00,2024-01-28T19:46:06.791Z
6759-7620-6754-5064-44#2024-01-07T22:04:22.526Z,6759-7620-6754-5064-44,Jacobs Inc,Transportation,996.00,2024-01-07T22:04:22.526Z
5038-3869-6160-0135#2024-01-02T11:22:32.143Z,5038-3869-6160-0135,"Koss, Kohler and Rolfson",Groceries,444.00,2024-01-02T11:22:32.143Z
3422-550212-67478#2024-01-11T16:21:07.980Z,3422-550212-67478,Roberts - Zulauf,Food & Drink,2668.00,2024-01-11T16:21:07.980Z
677127967772849421#2024-01-26T10:36:28.245Z,677127967772849421,"Boyer, Boyle and Gorczany",Groceries,2864.00,2024-01-26T10:36:28.245Z
6574-7195-7416-7795#2024-01-21T09:20:14.189Z,6574-7195-7416-7795,Cummerata - Flatley,Online Retail,2510.00,2024-01-21T09:20:14.189Z
6759-8205-0179-7756-749#2024-01-15T20:10:15.937Z,6759-8205-0179-7756-749,Mayert - Rohan,Groceries,437.00,2024-01-15T20:10:15.937Z
6767-4209-2340-4069-539#2024-01-19T11:04:20.345Z,6767-4209-2340-4069-539,"Becker, Ziemann and Turcotte",Food & Drink,2280.00,2024-01-19T11:04:20.345Z
6767-3639-2629-2253#2024-01-19T19:42:59.740Z,6767-3639-2629-2253,Fisher and Sons,Fashion,330.00,2024-01-19T19:42:59.740Z
3529-3984-7816-1650#2024-01-07T09:00:41.202Z,3529-3984-7816-1650,Bogan Inc,Transportation,1207.00,2024-01-07T09:00:41.202Z
6709928404602594#2024-01-20T16:09:48.445Z,6709928404602594,"Anderson, Pfeffer and Langworth",Food & Drink,1468.00,2024-01-20T16:09:48.445Z
6011-6245-4973-9478-7992#2024-01-28T08:35:20.779Z,6011-6245-4973-9478-7992,Boyle - Swift,Fashion,2500.00,2024-01-28T08:35:20.779Z
3624-995966-7321#2024-01-16T01:29:12.917Z,3624-995966-7321,"Cronin, Bahringer and Treutel",Transportation,2123.00,2024-01-16T01:29:12.917Z
6011-6282-7408-0708-8753#2024-01-27T19:57:27.614Z,6011-6282-7408-0708-8753,"Kunze, Cole and Hyatt",Groceries,2207.00,2024-01-27T19:57:27.614Z
5038-7057-6365-9595#2024-01-22T11:00:02.035Z,5038-7057-6365-9595,Fritsch - Lebsack,Food & Drink,2347.00,2024-01-22T11:00:02.035Z
6561-6764-4778-2397#2024-01-26T20:38:47.437Z,6561-6764-4778-2397,"Rempel, Kreiger and Trantow",Online Retail,2193.00,2024-01-26T20:38:47.437Z
5459-5674-7715-2220#2024-01-06T21:28:09.239Z,5459-5674-7715-2220,Nikolaus LLC,Fashion,1614.00,2024-01-06T21:28:09.239Z
3043-033616-0422#2024-01-22T14:52:40.363Z,3043-033616-0422,Rohan LLC,Food & Drink,1361.00,2024-01-22T14:52:40.363Z
5434-2240-3637-0204#2024-01-25T12:12:50.527Z,5434-2240-3637-0204,"Klocko, Skiles and Dickens",Transportation,1772.00,2024-01-25T12:12:50.527Z
67592184980172030#2024-01-03T16:32:08.484Z,67592184980172030,Hessel - Mills,Fashion,334.00,2024-01-03T16:32:08.484Z
501894334016597899#2024-01-08T18:44:22.854Z,501894334016597899,Wunsch Group,Online Retail,648.00,2024-01-08T18:44:22.854Z
3624-995966-7321#2024-01-06T18:59:14.697Z,3624-995966-7321,"Brekke, Gleason and Lindgren",Transportation,1707.00,2024-01-06T18:59:14.697Z
5038-4019-4521-7508#2024-01-29T03:53:48.137Z,5038-4019-4521-7508,Lebsack Group,Transportation,768.00,2024-01-29T03:53:48.137Z
6767-8909-2463-4422-101#2024-01-25T15:17:48.998Z,6767-8909-2463-4422-101,"Cormier, Kessler and Grant",Online Retail,2103.00,2024-01-25T15:17:48.998Z
6771427389841296#2024-01-09T08:14:31.439Z,6771427389841296,"Thiel, Koch and Carroll",Transportation,450.00,2024-01-09T08:14:31.439Z
5349-1122-1505-5817#2024-01-18T02:36:23.522Z,5349-1122-1505-5817,Lebsack Group,Transportation,2679.00,2024-01-18T02:36:23.522Z
6706808670647088343#2024-01-24T11:31:20.085Z,6706808670647088343,"Stoltenberg, Rohan and Anderson",Fashion,1482.00,2024-01-24T11:31:20.085Z
6759-6663-2511-5361-876#2024-01-23T20:59:44.883Z,6759-6663-2511-5361-876,"Runolfsdottir, Padberg and Graham",Food & Drink,1523.00,2024-01-23T20:59:44.883Z
6391-6977-7582-5703#2024-01-21T20:11:37.065Z,6391-6977-7582-5703,"Macejkovic, McGlynn and Hickle",Online Retail,1341.00,2024-01-21T20:11:37.065Z
6399-6830-9830-2606#2024-01-09T05:03:31.880Z,6399-6830-9830-2606,"Considine, Kshlerin and Schulist",Food & Drink,127.00,2024-01-09T05:03:31.880Z
3528-3113-7256-0274#2024-01-08T23:57:28.110Z,3528-3113-7256-0274,"Heathcote, Gulgowski and Boyle",Online Retail,2736.00,2024-01-08T23:57:28.110Z
670900649895329105#2024-01-20T02:27:10.637Z,670900649895329105,Hudson LLC,Groceries,1989.00,2024-01-20T02:27:10.637Z
6759-8205-0179-7756-749#2024-01-24T12:46:05.970Z,6759-8205-0179-7756-749,Goodwin Group,Food & Drink,2239.00,2024-01-24T12:46:05.970Z
3653-287753-1889#2024-01-11T20:43:58.369Z,3653-287753-1889,"Hilll, Weimann and Littel",Online Retail,964.00,2024-01-11T20:43:58.369Z
5116-5778-7484-1676#2024-01-21T05:55:26.131Z,5116-5778-7484-1676,"Hauck, Ebert and Daniel",Online Retail,1792.00,2024-01-21T05:55:26.131Z
6389-9616-5395-5055#2024-01-16T06:08:48.987Z,6389-9616-5395-5055,Simonis LLC,Fashion,1739.00,2024-01-16T06:08:48.987Z
6767-0444-0961-6602#2024-01-21T18:26:56.411Z,6767-0444-0961-6602,"Hahn, Weber and Tremblay",Food & Drink,1457.00,2024-01-21T18:26:56.411Z
3554-7790-8250-4716#2024-01-28T13:01:08.658Z,3554-7790-8250-4716,Pagac LLC,Transportation,246.00,2024-01-28T13:01:08.658Z
3528-5107-9789-9007#2024-01-18T00:05:40.435Z,3528-5107-9789-9007,Jast - Hamill,Groceries,2234.00,2024-01-18T00:05:40.435Z
3785-783558-44258#2024-01-20T10:30:44.667Z,3785-783558-44258,Purdy Group,Transportation,1405.00,2024-01-20T10:30:44.667Z
3799-040097-13682#2024-01-23T09:04:51.576Z,3799-040097-13682,Corwin Inc,Food & Drink,789.00,2024-01-23T09:04:51.576Z
6304785974968352#2024-01-29T20:58:24.336Z,6304785974968352,"Hayes, Connelly and Wisoky",Groceries,578.00,2024-01-29T20:58:24.336Z
6706926384570875#2024-01-23T20:55:22.393Z,6706926384570875,"Bashirian, Boehm and Davis",Online Retail,2613.00,2024-01-23T20:55:22.393Z
6517-6293-7313-7585-3732#2024-01-10T11:02:33.535Z,6517-6293-7313-7585-3732,"Wolff, Schumm and Erdman",Food & Drink,818.00,2024-01-10T11:02:33.535Z
6771-8951-3042-2204#2024-01-19T21:07:03.439Z,6771-8951-3042-2204,Nitzsche - Quigley,Transportation,2002.00,2024-01-19T21:07:03.439Z
3429-681612-22943#2024-01-05T18:59:43.673Z,3429-681612-22943,Fisher and Sons,Online Retail,1861.00,2024-01-05T18:59:43.673Z
3648-428380-0492#2024-01-12T16:05:29.648Z,3648-428380-0492,Robel LLC,Groceries,2520.00,2024-01-12T16:05:29.648Z
589399856706159486#2024-01-18T05:47:24.519Z,589399856706159486,Kautzer - Gottlieb,Fashion,2765.00,2024-01-18T05:47:24.519Z
6706808670647088343#2024-01-17T14:34:58.617Z,6706808670647088343,"Jones, Cormier and Medhurst",Online Retail,1886.00,2024-01-17T14:34:58.617Z
6759-8557-5295-6109#2024-01-13T23:35:36.336Z,6759-8557-5295-6109,Toy Inc,Food & Drink,2770.00,2024-01-13T23:35:36.336Z
3554-7790-8250-4716#2024-01-13T12:08:36.568Z,3554-7790-8250-4716,Walter Group,Food & Drink,1196.00,2024-01-13T12:08:36.568Z
6759-2472-1773-6997#2024-01-28T15:55:11.926Z,6759-2472-1773-6997,Hauck Group,Online Retail,1116.00,2024-01-28T15:55:11.926Z
5122-2226-7821-5197#2024-01-05T23:18:25.196Z,5122-2226-7821-5197,Ritchie - Mueller,Transportation,2925.00,2024-01-05T23:18:25.196Z
6304209362667740#2024-01-05T21:43:10.259Z,6304209362667740,Kozey and Sons,Fashion,192.00,2024-01-05T21:43:10.259Z
3452-749292-62793#2024-01-01T09:43:46.385Z,3452-749292-62793,Weber LLC,Groceries,2131.00,2024-01-01T09:43:46.385Z
6011-5210-6663-6860#2024-01-02T15:04:02.728Z,6011-5210-6663-6860,Nolan Inc,Groceries,2983.00,2024-01-02T15:04:02.728Z
3714-884996-15944#2024-01-01T04:26:31.419Z,3714-884996-15944,Huel Inc,Groceries,840.00,2024-01-01T04:26:31.419Z
6767-2984-4922-6067#2024-01-22T15:05:10.969Z,6767-2984-4922-6067,"Schuppe, Mohr and Jast",Transportation,1054.00,2024-01-22T15:05:10.969Z
6759-5454-3847-0266-18#2024-01-01T21:56:37.818Z,6759-5454-3847-0266-18,Kshlerin Group,Food & Drink,397.00,2024-01-01T21:56:37.818Z
3632-111370-7192#2024-01-16T15:03:56.341Z,3632-111370-7192,Barton LLC,Food & Drink,1356.00,2024-01-16T15:03:56.341Z
3712-907167-05692#2024-01-03T02:59:46.229Z,3712-907167-05692,Turcotte - Murazik,Groceries,1377.00,2024-01-03T02:59:46.229Z
6767-0444-0961-6602#2024-01-07T18:31:59.751Z,6767-0444-0961-6602,"Rempel, Runolfsson and Kuhic",Online Retail,875.00,2024-01-07T18:31:59.751Z
6709100543496565#2024-01-11T00:12:29.110Z,6709100543496565,Ullrich - Quitzon,Food & Drink,1492.00,2024-01-11T00:12:29.110Z
6759-8879-9544-2969#2024-01-01T09:17:17.172Z,6759-8879-9544-2969,"Franey, Ortiz and Smith",Groceries,1514.00,2024-01-01T09:17:17.172Z
6304126593302102135#2024-01-05T11:30:05.486Z,6304126593302102135,VonRueden - Hansen,Online Retail,2251.00,2024-01-05T11:30:05.486Z
5273-8154-3372-0265#2024-01-13T00:41:00.394Z,5273-8154-3372-0265,Luettgen LLC,Transportation,1656.00,2024-01-13T00:41:00.394Z
6011-2230-4319-9688#2024-01-20T07:34:44.603Z,6011-2230-4319-9688,Homenick Group,Groceries,2413.00,2024-01-20T07:34:44.603Z
5492-1644-5604-4005#2024-01-07T02:04:26.286Z,5492-1644-5604-4005,Murazik - Dickinson,Fashion,954.00,2024-01-07T02:04:26.286Z
5038-6798-9728-7153#2024-01-18T22:30:11.475Z,5038-6798-9728-7153,Gorczany Group,Fashion,1158.00,2024-01-18T22:30:11.475Z
6011-6269-9439-8447-9921#2024-01-25T02:50:51.859Z,6011-6269-9439-8447-9921,Hauck LLC,Food & Drink,1630.00,2024-01-25T02:50:51.859Z
6767-6781-2345-4684-64#2024-01-29T00:18:55.984Z,6767-6781-2345-4684-64,Monahan and Sons,Groceries,1366.00,2024-01-29T00:18:55.984Z
67596315759331874741#2024-01-23T10:11:00.892Z,67596315759331874741,Williamson - Kshlerin,Groceries,137.00,2024-01-23T10:11:00.892Z
6397-3727-6429-9054#2024-01-19T00:10:08.916Z,6397-3727-6429-9054,"Larkin, Keeling and Kreiger",Transportation,1945.00,2024-01-19T00:10:08.916Z
6771-8936-3919-3665#2024-01-08T15:36:54.980Z,6771-8936-3919-3665,"Roberts, Hand and Prohaska",Food & Drink,1293.00,2024-01-08T15:36:54.980Z
6709756499581740#2024-01-02T10:12:41.533Z,6709756499581740,Emmerich - Tromp,Online Retail,2900.00,2024-01-02T10:12:41.533Z
3554-3327-6216-4581#2024-01-26T10:53:28.141Z,3554-3327-6216-4581,"Dickinson, Frami and Murray",Online Retail,1472.00,2024-01-26T10:53:28.141Z
630438197634044093#2024-01-18T10:01:42.368Z,630438197634044093,Greenholt Group,Food & Drink,2642.00,2024-01-18T10:01:42.368Z
3529-4101-5124-9031#2024-01-20T09:20:13.246Z,3529-4101-5124-9031,Jenkins - O'Conner,Fashion,2767.00,2024-01-20T09:20:13.246Z
4523697983481#2024-01-02T11:15:38.858Z,4523697983481,"Lindgren, Wuckert and Goldner",Fashion,1944.00,2024-01-02T11:15:38.858Z
3733-637361-63826#2024-01-07T03:11:39.831Z,3733-637361-63826,"Oberbrunner, Raynor and Jenkins",Transportation,2537.00,2024-01-07T03:11:39.831Z
3714-884996-15944#2024-01-06T14:42:06.284Z,3714-884996-15944,"McGlynn, Turner and Wisoky",Fashion,1171.00,2024-01-06T14:42:06.284Z
3689-484391-0336#2024-01-07T18:48:48.241Z,3689-484391-0336,"Littel, Collier and Balistreri",Groceries,2663.00,2024-01-07T18:48:48.241Z
67595200257827804#2024-01-23T21:19:37.546Z,67595200257827804,Rempel Inc,Food & Drink,2692.00,2024-01-23T21:19:37.546Z
